Depth_m,MudWeight_ppg,RotarySpeed_rpm,RateOfPenetration_mph,HoleDiameter_in,FormationType,FractureGradient_psi_per_ft,PumpPressure_psi,MudViscosity_cP,FluidLoss_mL_30min,LostCirculation
2310.8904159657686,10.462792628019294,111.47962904552335,27.68899339272377,12.25,Sandstone,0.6172715595908391,2130.014178028457,48.23032684466172,2.33297783565172,No
4327.500072434706,10.352340993039999,132.48890963699876,11.033522673680817,12.25,Shale,0.8332336884760234,2316.1818245465515,45.715292362105345,5.586455984015248,No
3561.9787963399176,15.296909353907775,128.41448368111432,35.53380971741852,12.25,Sandstone,0.7149240843999555,1694.5586615929149,58.33056250415251,9.498764545979597,Yes
3095.304694689628,10.371596498871295,73.85099142243963,26.459068367423452,17.5,Dolomite,0.6991142802988912,2743.452861023191,35.193450777865344,11.463818474880538,Yes
1546.0652415485279,10.539622945964732,73.43245227673265,10.502135924493398,8.5,Dolomite,0.7344225454744904,1870.2773122225576,37.73912518976395,5.77818283844905,No
1545.9808211767092,14.195486968134727,84.1356930970422,38.68183201184224,8.5,Dolomite,0.7038525231918387,3528.8675158368324,52.70217234706882,10.720534313794936,Yes
1203.292642588698,11.87304881837905,92.49672537069335,23.14279121673622,12.25,Dolomite,0.7014856776629728,2551.4764353922355,53.25705683873788,5.937204065321951,No
4031.616510212273,14.325329177163859,96.76100232676343,7.551445815507925,8.5,Limestone,0.8424233003101876,3412.5058099793077,42.146915893174935,3.794946272426481,No
3103.902541101231,8.99024618173289,121.17274951500107,26.939151654527354,17.5,Shale,0.6373515763097076,3886.1510688465837,58.529353039312795,2.034461437768697,No
3478.2540222861594,12.156783952550382,65.10123889492519,13.861961745448358,8.5,Limestone,0.8911800203572375,3623.69487428309,58.147637331455115,5.301810231528798,No
1072.0457300353087,8.75210200137462,63.12054338034598,33.12927081570558,12.25,Shale,0.7664794933123029,3878.6591993645493,30.372291451804784,5.784750507273715,No
4394.68448256698,8.96989902591516,95.27195066495182,33.62377257481667,17.5,Shale,0.6548771995263939,2919.8413171768257,35.16983707022175,11.451175288873362,Yes
3913.549242801476,15.298280900083082,122.74473229241823,39.26315745491316,17.5,Sandstone,0.639364644879506,1913.3110849513546,54.60658325051614,4.060702524206228,Yes
1743.1868873739666,9.544340283381963,77.40918086608343,22.56543358585763,12.25,Dolomite,0.7774528596404948,3838.4898854592516,40.05650054478025,5.822307080175047,No
1636.387385224852,12.493155117064129,117.73540331306265,20.9234907904708,8.5,Shale,0.7898998331540784,3671.260976491927,32.863880360994855,2.251541298231132,No
1641.9157844870183,11.583217019505298,83.38453241462696,31.371646190626823,12.25,Dolomite,0.6159077313089432,3661.032477667321,53.54997523270751,9.635397350913864,Yes
2064.847850358382,11.10507494694132,139.74774979321649,9.636472971967429,8.5,Dolomite,0.6729005742386357,3233.186068521796,43.63750516725628,11.151412362549866,Yes
2836.6475107128326,15.248750092654543,140.6120949839955,24.142042982759346,8.5,Dolomite,0.8386385763664402,3062.2906554651986,44.77232360146115,4.378206472764919,No
2511.8075652474054,8.663675475816172,86.75584838531938,24.118666004579783,17.5,Limestone,0.6148873883230577,1536.8097296533288,35.59108166448514,6.289951106401645,No
2019.3019906931468,13.478422646316918,80.69943785669165,8.131559298363552,12.25,Dolomite,0.8565265991718108,3370.1351727202905,49.82685161816784,3.22112621365994,No
3141.485131528328,15.725458256601629,97.01735748596082,19.629442992741975,17.5,Shale,0.7974487429579,1728.8377937070143,46.53723954367853,6.568354303128908,Yes
1488.2285122821463,12.701261375963814,81.64784266621339,34.86496794985207,12.25,Limestone,0.7303269778089614,2149.3773402564393,36.20018813367227,3.333424636440954,No
2022.5062698732636,15.526168465248189,120.51454589625334,34.965376769813105,12.25,Dolomite,0.7039298546912748,2878.725738378342,40.2099452531762,7.233484944191521,Yes
2282.266451527921,8.891934094645178,134.3458216093457,8.473318272188834,17.5,Sandstone,0.6057746891546681,2629.331462190104,47.906378620085164,9.346220404322331,No
2596.2449447596255,11.64094989305621,120.57829178200953,8.17523089617408,12.25,Dolomite,0.8475644837255529,1539.4359744286148,57.7461676630023,7.533427748141682,No
3748.1158648755477,10.451183432215384,134.19154025244146,14.194341695067735,12.25,Dolomite,0.6428165561905614,3559.962646129281,57.611290509644746,4.452195783873759,No
1698.8582375542592,13.981157237355474,95.72929459867268,35.616812189389776,8.5,Limestone,0.6928625975586264,3697.002395214816,38.63717713192449,5.537959854689051,Yes
2799.8205344476405,15.85972817872935,74.06852736379747,9.511590477572463,12.25,Shale,0.7707320941088411,3204.682358741917,52.06862933279655,8.385727377056323,Yes
3073.4509910171487,10.423975468331859,126.41558526578329,30.19988809196062,12.25,Dolomite,0.6737977800213762,2852.6696466420563,53.26557241571429,7.897554177893252,No
1162.576444519992,13.406309511055557,92.44270546273985,8.540796686458613,17.5,Limestone,0.7491421391256604,3901.8445972486784,54.26469299948384,3.367747881213335,No
3126.406981655034,9.98573224569805,120.41437427062192,26.80982488117389,17.5,Limestone,0.8428028486216107,1799.8905193704798,47.1228685425444,10.449494735661027,Yes
1596.8344329055203,12.739976909287074,84.3579547783589,17.46235546917007,12.25,Shale,0.7411613804370825,3344.7751341624726,30.315239942987635,6.751889122470154,No
1227.6805754484783,11.97949365016252,67.31066713260054,32.611988703805345,8.5,Limestone,0.8846932032358787,1820.9015322379946,52.85028856338745,3.62369224526393,No
4321.099380386666,15.790039972236528,149.33236159389872,13.179165708887727,8.5,Shale,0.8542501861129025,2454.6119973085392,33.1979234948805,3.2282654257472925,Yes
4379.712115760958,13.063954545223499,74.05813571375394,27.372064028648595,17.5,Sandstone,0.6999117706090182,2963.7112729274468,33.50614158661205,11.655517746451302,Yes
3829.390718407614,11.121297790651141,148.9578894567133,13.248888710155974,12.25,Dolomite,0.7199886373751814,3342.7192262608805,48.16874407938458,4.81535111173546,No
2066.148192106797,9.3557183866595,147.95519393098027,29.978109908925383,12.25,Limestone,0.7269980181067581,1509.29025067996,59.50561563075905,11.08593587916376,Yes
1341.8523990223434,9.634351215512009,131.4436293517236,35.578731209626206,8.5,Sandstone,0.7878538358773544,2151.4947159294406,37.276184197974,6.1058529876893886,No
3394.815592792549,10.189876974634263,119.34806658737978,9.4380629694366,8.5,Limestone,0.686038718756562,2845.500978524551,49.37432640153622,5.8592143045319025,No
2540.533728088604,10.382249960052235,112.00263452259762,35.33084910084263,8.5,Limestone,0.8907747416467526,2832.184197903767,39.109609372128034,9.00928969649432,No
1427.133821956726,14.879620433808533,137.94913908400514,25.77513390450043,17.5,Sandstone,0.7826052661810503,3094.0660873656598,56.961783408315895,2.0988328777546146,Yes
2733.1191853894456,12.709170912118937,86.04955694575392,9.44886718034584,12.25,Limestone,0.71982049762234,2259.633952170556,47.80550676341592,5.380895216303905,No
1120.3598239032644,12.425431835307748,102.09130912363894,19.96396493758992,17.5,Limestone,0.7935029446474702,2851.3231277223394,36.224319829694124,5.026457121918089,No
4182.6214072757375,9.360766539019131,115.74509724298517,10.630110271978428,12.25,Sandstone,0.7186215031589123,1974.466943586441,37.86393151336285,10.680980942840463,Yes
1905.7299356000592,14.951047700120762,97.00714282825419,29.512176110329932,17.5,Limestone,0.8453387042938256,1967.1805360086387,42.97442191254363,7.291235390207833,No
3318.827995238937,13.921107274063628,98.47378086812412,31.560384704628238,12.25,Shale,0.7703522881655164,2941.409908556517,33.661306860894385,5.645701572242519,No
2090.9887663129384,9.007512714250012,89.72562007518759,8.702878209547963,8.5,Limestone,0.61259115102182,3213.681462613353,32.36200104790445,4.6607931029971805,No
2820.238074122338,13.808763229223265,110.78086350160825,22.714894844312553,8.5,Dolomite,0.6530270602270383,1800.99991670322,50.40184187243868,7.905098088106291,Yes
2913.485977701479,12.576536630069846,136.55170752136044,33.5118769609071,8.5,Limestone,0.8594981919088605,1806.9747547605584,42.21495186267361,3.5167314054336467,No
1646.9905943393446,9.112940093100837,78.13755402056816,37.765706454284874,17.5,Dolomite,0.768869947907037,2913.2567286511257,51.78677375610831,4.462047685087816,No
4393.546197175955,11.937254811464923,144.09897348780973,22.97312533596195,8.5,Dolomite,0.8851030429541715,2175.239380709114,33.30174601312864,4.936121650647498,No
3712.964881763901,12.135222153475352,122.01788883734068,38.25977282639925,12.25,Limestone,0.6217266938582054,2480.997755602786,48.295966437032874,8.07908947606941,Yes
4288.2462954746625,9.743309051224568,134.09458914120273,23.749113965961044,17.5,Sandstone,0.6885781890257922,2501.871119118945,43.29920380109221,5.732549590164754,No
4131.89572649677,15.592736102502117,110.05716233670105,18.796667310996778,12.25,Shale,0.6580630119718718,1946.382148212291,31.739959633710857,7.057833001200494,Yes
3092.649925838798,14.874815286104965,130.1565031281657,34.68710949935134,17.5,Shale,0.7661520876686209,1503.286583576566,46.3440593482793,8.504382637665866,Yes
4226.559822580909,13.517667529968312,61.45803576055205,22.254394866033117,12.25,Limestone,0.7148378493239728,3632.879524922518,32.48412824143637,11.562716008076872,Yes
1309.7237571817182,11.967216707504555,133.65423823015817,21.516587869758308,12.25,Sandstone,0.6471820602229179,3287.504922244221,54.83159243373024,9.648373971027524,Yes
1685.940018467008,11.588241561883814,63.61249731768299,22.160937129343992,17.5,Sandstone,0.792825574187864,3226.3463952889138,48.95872396170087,6.052567805721077,No
1158.2955111868832,13.382301003632156,140.09220387265762,34.63747506544109,17.5,Shale,0.7608895097391559,2866.262845283299,46.70902601281345,9.482753743972568,No
2138.6561576714253,12.59073902055179,149.2766472514779,34.117953959081824,8.5,Sandstone,0.6824208753888903,3252.424136445301,34.00407013408977,11.496941809192126,Yes
2360.370513913187,8.967048294114143,86.46607159591,19.12319973540739,8.5,Limestone,0.7439314073347133,3839.2209438690643,38.62371340512249,6.993805456541248,No
1949.7216112086357,12.343769865777489,78.92867006572143,16.665495095468376,12.25,Limestone,0.8237214945123569,3164.184340573228,44.78627691405898,6.104969331228897,No
3900.581282031753,14.548027129246297,128.88270274722368,22.217480841369525,12.25,Sandstone,0.6615815023651975,2162.728504818625,48.99850540919064,2.7801869900073655,Yes
2248.6366434275624,11.944299081977185,82.77237068282278,25.047037840798815,12.25,Limestone,0.6878717240105188,2926.400129352245,35.49692156226467,10.923703706508622,Yes
1983.2707839058326,8.889674331657012,137.9006144854983,13.341802371979893,17.5,Dolomite,0.7038332961282345,2605.811008415525,30.2659883440087,4.464342807936556,No
2899.4362910538694,14.397086495380249,69.2558332941729,32.78842796504567,17.5,Shale,0.8240179311603095,2891.0478277803736,40.34280561807887,2.6395789681913957,No
1493.2347874116692,10.010228366019808,71.33596767414224,22.026896800634802,8.5,Limestone,0.8540767798652721,2794.0261935320627,44.48614363668731,7.37203486591083,No
3807.689432639139,10.439656261660291,148.1236399590554,16.691594194698588,12.25,Sandstone,0.7129165489324832,3646.9382130711624,35.53300516790409,10.458996459615252,Yes
1260.9272528791978,9.735297650742218,120.64550084430041,8.73873475373967,8.5,Shale,0.6889862585501755,3129.500258452668,44.76496517565617,6.066350556230525,No
4454.10427810181,10.976612986536232,136.21985019860574,13.359580614126243,17.5,Limestone,0.8668340275055032,1971.8961948352598,40.154575757078064,9.830674701590162,No
3702.856692538301,14.175636292664763,89.18964396163662,38.22484101145943,17.5,Shale,0.8998094796578037,1657.541947188427,43.65268998319223,10.363960072839959,Yes
1695.5048853696035,12.39539394627953,120.8835374568544,15.67848903868343,17.5,Sandstone,0.8011060918985398,2560.9094717033677,40.42373251735782,6.544035588198637,No
1019.3274099326084,10.036609556130344,113.48176445777375,10.910075127846236,8.5,Dolomite,0.8969941844967543,1539.026555644323,48.854035493604,7.9095506594047365,No
3854.1149995919195,15.083725586140307,114.28351081106523,21.12354770792476,17.5,Dolomite,0.797989883340573,2295.743464583339,31.28691032980715,7.339122985389401,Yes
3474.00070346666,15.096863912136468,121.42792135839494,15.748071017608703,12.25,Limestone,0.8200380816023475,2420.053673598064,35.12715869832821,11.391958616345015,Yes
3551.5250881434554,15.029338187845052,111.78232558161886,6.230573759491795,8.5,Dolomite,0.7165968004630541,2438.9721850248097,42.982526073329986,9.255056850917612,Yes
3699.44621340081,10.290971585361545,98.61561323723993,16.310082604779602,17.5,Limestone,0.729890264099716,3948.3750608097316,40.688901466555706,11.253428107701131,Yes
1259.1562810693163,11.884295081357411,84.83304249424921,24.0438018378814,8.5,Shale,0.6432406991968185,2259.7521924311704,41.748958678614514,4.200099780619719,Yes
2254.630049904954,15.887422421056563,129.1723197821882,24.309933020698843,8.5,Limestone,0.846825004429537,2163.068738446553,54.112820846414394,5.1023685183267045,Yes
1405.5417083379539,14.290093572324928,80.36451870028677,17.479562241191104,17.5,Limestone,0.87931770926616,1823.452327668853,56.589949747420974,2.7091347318006767,No
4020.8619905645774,8.703755659191698,122.31188755389728,20.655596468841022,17.5,Limestone,0.7870314401082337,2777.5220892065317,37.4600635049271,6.999079566958077,No
3181.5434438964526,8.989034434453691,80.9999540384394,38.793127138216825,8.5,Dolomite,0.7030941925336195,1884.1857655340516,55.09173180858917,10.739236793859108,Yes
2158.1430869842725,11.979485326092496,116.27971529590084,18.20719670306091,8.5,Limestone,0.6462048976123098,3040.7367818269613,43.763695958710734,5.268466971307157,Yes
1222.4542260010828,15.319151543961702,127.2370440416126,14.037938464099405,17.5,Sandstone,0.6795468689115944,1887.8994473458738,38.214618578586624,3.2828210694933153,Yes
2088.4381260048176,12.540263484645356,79.68425000158852,13.521346542336603,12.25,Limestone,0.676623126255553,2941.683294398003,59.56368213014035,2.68446254929053,Yes
2138.1416270936147,12.233593810257176,65.39489707751774,21.021761444644696,8.5,Shale,0.7840583652490719,3565.6730979365657,54.74405374302502,6.475002725236545,No
3553.6216241832244,9.29105274967473,71.78763686947566,31.58320520509304,8.5,Sandstone,0.8835112396090814,1606.3115837977316,59.827599572596085,3.640217446287633,No
3231.451149743246,13.425850785432205,114.5397270543923,12.209586446596562,12.25,Shale,0.6144815660873945,2549.3674372955147,35.04572353284764,5.461040288851035,Yes
4105.244599017143,14.665773704501692,136.4501765603162,29.825364449926884,17.5,Shale,0.6003066898783344,2652.622418047089,34.31528021843576,10.199798080824369,Yes
2652.7522380668224,11.353150056306717,64.04971391118819,5.74024381722957,17.5,Shale,0.7800545832942977,3477.680358695281,45.10133858832718,5.840473827575243,No
1418.5798607840559,14.317088881939956,126.07361331374817,19.66265422943811,12.25,Sandstone,0.6852181386239146,2669.7890798638605,49.15931280103662,8.098709182563557,Yes
3496.3567552804825,15.733574904256088,90.71867813550469,32.15527728209754,17.5,Sandstone,0.8641645027016871,2918.8394661408,35.13180277600055,7.021600558228148,No
3662.747670159141,10.028248443457668,103.06755329275703,16.8556534521051,17.5,Dolomite,0.6981750923717451,3478.010633970178,55.81292004265628,9.185332929700364,No
2964.4701914932366,12.42497223396056,143.5973594861009,24.730798550588982,8.5,Sandstone,0.6869212801586668,2899.3962323232267,45.9604043599009,3.561649589875688,No
3698.3851298409636,10.653534685634316,89.8774354262261,12.174273148906877,8.5,Limestone,0.6808531863654892,2395.748533798956,42.32825499661942,11.204410364836187,Yes
2728.284587275368,14.446408142753796,101.88032405455374,30.96983868941603,8.5,Shale,0.6434558481804732,1714.6056940514557,48.061610187811354,8.436327975500353,Yes
2829.564902836979,12.831950244108683,61.2314173284613,6.829768614406587,12.25,Dolomite,0.7744591422831332,3324.789073781444,49.04861138916868,4.7095373158010725,No
2496.3935642549236,13.259368131627278,67.34388480043545,34.83899257064252,17.5,Sandstone,0.650464080700263,3677.8453754053876,31.283498429513823,3.23253708138059,Yes
1088.9669436043332,14.484356197119205,83.27324320213056,11.936873524758386,17.5,Shale,0.7273893479370872,3925.16134255041,59.99678000115148,3.497255641461903,Yes
1377.6199944765656,11.469778544968412,62.5067016738967,35.603931109791574,8.5,Sandstone,0.7382916156766947,3816.499701928921,40.917587304134265,9.826629268961081,No
1110.00214990357,15.363175513052823,116.8237793443426,17.338523445518106,8.5,Dolomite,0.6061476140633923,3493.5447720831216,31.846279407296887,7.88110053312958,Yes
3227.4364394232316,12.49771650434605,98.37585211214602,30.29392510660703,12.25,Sandstone,0.6050421839463427,3108.6798306143205,55.56969524326546,5.807582907181834,Yes
2100.2459337671435,9.68466117126511,109.33306824552199,16.172885422516597,17.5,Sandstone,0.7560638066270488,3453.650364576596,59.79056037636937,5.3290084618688,No
2779.9974190764597,13.719243386266019,75.71824673066966,36.706908493212666,12.25,Shale,0.8088104196687397,2580.20928213017,54.4907552764827,10.557580044005302,Yes
4176.482658741325,14.449460128286908,86.63388264929546,9.432299393143103,17.5,Limestone,0.8826427446841214,2986.9405369770875,55.55647469579537,10.74762523781461,Yes
1872.5228020210623,10.87571257800645,119.74420273674525,11.248192624540955,12.25,Sandstone,0.6537357852470865,2371.749522847963,48.778053426583526,7.812620384192929,No
2436.340230624704,14.928844427490647,146.877245126736,22.25605438055808,8.5,Dolomite,0.6309776428308248,2316.773037450957,57.669767346627985,7.245440656650363,Yes
3644.4289849006705,15.296074410743248,64.53750962419883,7.867845366335114,12.25,Sandstone,0.6156263720781453,3391.7294331900844,31.072156551824026,10.164480420765715,Yes
1800.7935792206786,10.576783655333568,140.13458887697396,11.859306464561667,12.25,Sandstone,0.7308124748738851,2634.8319557589043,53.00171588862603,9.493351797943753,No
1269.4296844007754,15.876411045364165,111.91930811800876,38.0318233774205,8.5,Limestone,0.7869442102007871,2030.403157327573,50.121306850022265,6.003251833277885,Yes
2014.1300851981882,9.555336460365687,110.75276100800613,39.17713814017605,17.5,Shale,0.8521660070253793,2004.8454048546646,31.487549115720068,2.8273868475085697,No
1564.2745053890153,10.015117513018675,105.02506816869843,18.169076526564766,17.5,Dolomite,0.8047934646879394,3647.930903924834,46.31920736929438,9.685001073627777,No
4253.941783199006,9.881686294285196,66.24546773137651,37.315010735487746,8.5,Shale,0.6625082367224572,3194.401235906678,45.451810372736084,3.6870102894024375,No
3828.421328475459,15.204922825059029,68.08891665625445,24.06886364857011,12.25,Shale,0.7385311099188837,2865.1151833952895,50.746026752309305,2.163769064784783,Yes
3216.913147786482,13.407194142437213,114.08208050931775,14.440986305581847,12.25,Shale,0.8731039038925966,2502.346839990899,32.32594234827518,10.433026752039908,Yes
4050.112065657012,9.640782124167046,90.68627142920025,29.583955237820952,12.25,Sandstone,0.6980223187432113,2577.0434769678145,54.15836355985236,7.782538453367186,No
3812.8522691469007,11.802425637762617,142.55412599199127,28.06156323012,17.5,Limestone,0.7496191095275795,1643.5879854873594,34.182103260345144,10.916660355357584,Yes
1652.9952061011254,13.114735188023516,96.59314836235251,39.61938616880567,12.25,Sandstone,0.8875696003931091,2637.275362169607,42.55993840385618,6.845880831976181,No
4123.956494714923,9.125980637420374,72.8953312832377,14.276655059324915,17.5,Dolomite,0.8204124016721093,3488.6372765552046,56.438640225049085,11.26481100711403,Yes
2887.6978467047775,15.118122763055041,124.32469501518324,28.52208259316074,12.25,Limestone,0.8243221156925076,2469.9662002383056,46.81594816486489,5.539717479788638,Yes
3826.040543074219,14.527026515811514,86.40180792969089,6.820831426030641,8.5,Shale,0.6757002013239682,2458.9531313581447,41.38772741264203,9.24522002334293,Yes
4136.319549732227,12.289050801824786,107.29232766203039,8.977611354385179,8.5,Limestone,0.7244094354915385,1539.2914575482196,31.446067261375102,5.009865092617835,No
2113.0121624015237,15.753449614443777,122.8049506954653,5.137143123288264,17.5,Dolomite,0.6247026489290165,2644.5881563951716,50.16820551605165,2.0116366432797843,Yes
1385.1817358468686,11.633207344563248,141.02377000818632,39.98112383708856,17.5,Sandstone,0.7819577601151602,1563.3441323699171,59.596402959203516,5.797445345489567,No
1797.7730688967958,15.880827392773734,131.29720753215085,33.07957940016172,8.5,Sandstone,0.6311190493627482,2925.8735700219027,57.35389196275149,9.377655131092387,Yes
2494.877260191897,13.509399991027202,120.87249610854516,32.535305515673926,8.5,Shale,0.8507728746617864,2766.9584539557854,51.51888232720284,3.500241794465139,No
3863.051680728726,13.260034549404562,121.16698641556292,22.840412635086288,12.25,Sandstone,0.8443661361059991,3600.0212473099973,33.15878574767835,7.04802033207393,No
4012.557041397202,9.744661714718386,145.13321796288778,15.502347901690397,8.5,Sandstone,0.7600815303366928,2954.451527314303,37.18320280201183,4.12321484850715,No
1024.3324568591675,15.11445818728483,86.62416877468824,10.294249956193656,17.5,Dolomite,0.6423498099591088,2308.568388305538,35.60547058359861,2.746241214191029,Yes
2787.6155590214803,11.706172659404613,60.10008847765687,14.963615859626229,8.5,Limestone,0.6076736949585504,2790.5775235422852,40.66384920766936,8.174519819443162,Yes
2460.9385110207268,9.716750543368596,84.47591034583789,18.15899276751987,17.5,Sandstone,0.8390126002627718,3249.265889374797,37.06551683374607,11.51967622303403,Yes
1777.377336647556,8.594556399818194,79.61022416640697,31.470853394310293,17.5,Dolomite,0.780042144964028,1734.909488525957,37.333183379150796,5.107042187179171,No
1419.5287856678897,12.69816762728787,119.56511266025984,23.888162611610333,12.25,Dolomite,0.813278891024365,3052.6852211760843,48.50189806126217,7.806458003599504,No
2181.653099912698,12.455497165920072,117.03404397889761,7.711926929441894,12.25,Shale,0.6911421377209103,3791.565704944948,39.56107967884151,11.536033677507945,Yes
4300.183963693817,13.895152167768689,113.41152444342515,5.631015313561928,12.25,Dolomite,0.7528448213531743,2247.825739078111,50.314886294174194,8.504833499946875,Yes
2131.210262072643,15.176935397633516,61.46190988885083,8.58162628369221,12.25,Shale,0.8241522511618952,3066.5627371910305,58.436689774385414,8.731133023099542,Yes
2815.7671761017814,9.095549384822721,125.59002490055828,19.36745497940828,8.5,Sandstone,0.7387689924941399,3553.3236258756087,49.15433749839717,3.789285115608359,No
3460.5663561331226,13.986223677552719,89.11773712369424,37.66175209671564,12.25,Shale,0.7804152668306192,2779.5159935965603,52.54970031631113,6.926096788528267,No
2272.703608327529,9.905589580731867,119.8550390105968,27.309086842322756,8.5,Dolomite,0.8369184785423887,3294.948835050962,52.54741245848514,5.670827470872466,No
4401.237289523362,14.93632789867873,110.09205856519381,33.063906495643025,12.25,Limestone,0.6645661935799136,2277.5258462231504,39.92108365197933,6.7095685239103,Yes
4368.565532297389,14.642976353962421,90.84578328851165,21.323110807659198,12.25,Limestone,0.6197786668072447,2265.146132312862,30.448739837803064,10.008265764418772,Yes
1881.2380353887745,12.555953162391582,72.11186403936969,17.6583129118265,17.5,Sandstone,0.7595470532432416,3168.9600544964014,31.651438889826434,6.6069898774609825,No
2740.369770623349,13.826820989674836,68.49770078944329,8.794013045081796,8.5,Sandstone,0.6186377312160287,3263.5221849337095,38.46180752653675,2.628506782578351,Yes
2053.0740843586937,10.857625848878113,134.8366499801001,35.657655776517174,17.5,Limestone,0.8299671883100259,3842.5242487803594,50.68629550972794,11.05541661150863,Yes
1996.9417303211367,12.03375924199611,142.65577878734024,32.410601015976596,12.25,Shale,0.8157634342901365,2062.0964367949364,57.20049415944878,7.448158874519706,No
1129.1043157408649,14.662276732828538,118.48092420878696,10.88413341592038,8.5,Sandstone,0.8645138014395891,2670.5439902199228,58.763947865722386,11.24494358530292,Yes
3133.475168929639,11.944488978799104,69.3090703374435,22.92911973566912,12.25,Dolomite,0.7918686294101882,2126.2836829097287,30.775459915202205,7.723545120276245,No
2759.376581301015,11.183486989940814,96.18244951994166,22.058118277243572,17.5,Sandstone,0.6201592712257121,1700.2304022006135,59.702617368983134,2.696363159750606,No
1180.1756293749627,12.20659335437725,125.60452800946415,26.8782043440285,8.5,Shale,0.6759456376468852,2508.076319868719,39.674916550700814,7.528693935257713,No
1975.26262482814,14.711869393279137,130.18387956090612,38.11654128969414,17.5,Sandstone,0.8423795533688158,2435.201868220508,55.288686847053455,7.757389324926806,No
4178.930600883288,11.014060355281545,70.63967600619797,25.292000461686786,12.25,Dolomite,0.6501397251940763,2176.08529995547,35.40886382090341,4.143398793429756,No
1838.4666173344035,9.80321194851808,60.00276469608442,23.90760433725165,12.25,Dolomite,0.8095441403444662,2242.487227848541,31.886947728205776,6.710290841043767,No
1507.1320523192808,13.840105152480856,124.09233412925445,6.761302652713238,12.25,Dolomite,0.8340777992761435,2401.0295158781955,41.350662721880624,6.594415118736514,No
2713.084660971471,14.694836595310614,92.09365583875851,7.2017616606308374,8.5,Shale,0.6990335393565723,3972.094081950234,55.76776165592079,8.228761490206036,Yes
4449.776589387102,9.2547810889265,82.90331984564342,11.55713769643761,17.5,Shale,0.6966892420208726,3457.3944149182003,36.624747476334484,4.596140986739204,No
1847.1934502902513,10.299055845669585,61.16077228105729,6.136477009211189,17.5,Dolomite,0.7673408043627441,1678.5030027172675,34.618719772555266,7.817484179481937,No
3352.4744159205748,9.564789923207455,108.62694660853498,31.017351344950434,12.25,Dolomite,0.8583858998264291,3681.0329412167544,57.29412986850571,4.409520426369428,No
3665.6686536505117,11.10956058686625,136.60356618833836,30.31656063978871,17.5,Shale,0.6671718605740442,3083.2583159966784,58.15011607864377,6.464452722039066,No
1831.7314039733988,11.877632341790594,146.1868481645329,9.761968205107504,8.5,Shale,0.8823774588127209,3726.484400304773,30.376445975667266,3.22705699337307,No
3548.7572201415087,14.116197527224799,110.91704555519604,34.26276152783483,12.25,Shale,0.7797356054460325,2354.2742178255703,51.82307212246445,2.3730054786147816,No
2287.2409645173866,13.383606886612556,106.30151949659047,10.41751121961392,12.25,Limestone,0.8976379414056829,2661.297162029297,39.2762320958798,5.205873059917339,No
3213.070407077528,13.156964256088234,67.6550746940317,15.541145544907558,12.25,Shale,0.6268841171985968,3740.5676432702708,41.24113109901569,4.745717506497415,Yes
3217.3539876631316,11.142812099572408,109.39855213883398,13.714191470647775,8.5,Dolomite,0.6379686409520277,2181.4328397842037,44.0730892485447,6.069359120313467,No
2875.2113942616547,14.8108566481357,94.19811710688552,18.03074845005667,12.25,Limestone,0.8479925411140449,3788.7521906135385,42.80372910523558,11.619826200003397,Yes
1316.014195190429,12.034653755486234,114.64217527952192,13.913231806148666,12.25,Shale,0.8594267686811548,3571.249280360673,45.44921354946315,7.222292947703284,No
3923.558734562333,15.843287035113658,94.9853713088892,22.113282425345822,12.25,Dolomite,0.7336376065112802,3951.3948522732335,47.470851472200486,7.531767061367566,Yes
2122.7302274010754,13.256066037218027,81.626921110533,19.25927584741399,12.25,Sandstone,0.8142213528427005,2310.643967540908,43.96786514513773,11.416010387873742,Yes
1652.8147863994898,9.44698556173377,68.54687477055388,39.52993217727643,17.5,Limestone,0.8602671862336615,2089.3829500119587,51.04690621468552,11.21147137591833,Yes
1142.7129954416737,13.571331715565755,88.34266001300061,6.9574222544878985,12.25,Dolomite,0.6129383364656485,2327.1672426143205,51.55804988526426,10.841119539004179,Yes
3068.1253011588465,10.938280115737742,68.6980350858977,9.976348173557307,8.5,Sandstone,0.7721851268979776,3886.624489971838,43.21077592278586,2.9799474202971306,No
3371.4752664479884,13.64745397514573,75.92072557415855,6.848906286801087,12.25,Dolomite,0.8560441999579469,2332.683240132354,34.273894442613255,8.342974105203304,No
1058.0574012474965,9.022308611218044,148.86025427215912,26.904441824383152,12.25,Shale,0.7194464833754325,2913.0295498930955,49.21916763960368,10.080989804935118,Yes
2792.3257040474837,9.811610778819695,99.96932012159567,6.9078247094801855,17.5,Shale,0.6907150818337281,2509.1982064662852,53.18870137052127,10.355746895770949,Yes
1792.7352131927828,14.918029441793397,107.8684589854515,34.27539080816432,12.25,Sandstone,0.8387120055284513,2490.550361204452,49.14328563611849,7.779071425018961,No
3258.1047664330745,10.203846677676362,138.62566758634938,22.917852073867472,17.5,Shale,0.7007359750508508,1983.4465246976379,47.641642975404466,2.174955474861691,No
1610.2825015174699,14.777808439322051,149.60120104416188,23.44526686035368,8.5,Dolomite,0.600952289455351,2842.698851993975,36.882359737038186,11.73712901641735,Yes
3418.2820833586306,10.594570663408078,112.44430044102134,24.6558077699268,17.5,Sandstone,0.8878717762887197,3623.5106374180173,49.35411122457775,6.721967027581214,No
2353.5737120518806,13.321614325440308,133.12264389397546,10.978479720717376,12.25,Dolomite,0.7776369709053056,1623.712533884677,40.045686437286356,5.935958952735982,No
4278.554960578571,13.706129301323733,89.42469219030077,11.919160609007065,8.5,Dolomite,0.8458553756130214,3723.066484158554,57.58676588439855,5.94948713677263,No
1481.3233045109764,12.344910648587897,87.51695617025621,16.158606300555164,12.25,Dolomite,0.8475904687028144,3163.6824128432486,49.61160278279942,6.241508800582665,No
2193.7322286759045,10.789830075225485,96.24333488951041,25.7723745537648,17.5,Shale,0.6199231261118199,3041.845201437257,38.34539030124908,4.42180718172753,No
1397.1573243420617,10.094832822783221,120.52565364062842,12.354122157907508,8.5,Shale,0.6512580598159394,3064.7505823099805,44.1878072809179,5.273336257498299,No
4236.42766397497,8.748920159218196,121.39725203295889,9.071610449664142,8.5,Dolomite,0.6933362042278942,2240.6745898861736,55.39743827655133,11.853576097747393,Yes
4070.6877368334335,10.779598009305428,88.37154911845057,38.95409102464512,17.5,Limestone,0.6962097855123969,2537.8612596707194,40.063918535479424,5.681680002560942,No
1902.7956970030446,13.398720928984623,71.98889317229659,5.769363518336802,17.5,Dolomite,0.7976358353042738,3498.2250147605364,45.76321710457143,7.26725016473789,No
3309.9441611196266,15.53728613836362,116.91566308189577,33.09440918676076,8.5,Dolomite,0.7869398762258054,2265.952592340724,50.39009919754568,10.482942659752185,Yes
3860.2777007042555,15.034033616972891,71.5493275969888,32.58123023512577,8.5,Sandstone,0.7483769334029441,2675.0505239317417,52.635880164802245,7.274278111088635,Yes
2943.202840598118,14.24548582401477,112.0643257406397,15.40249398457836,17.5,Dolomite,0.6633791196926304,1549.0806784691333,35.21676525194235,5.244534216181676,Yes
2853.777024246023,14.413355074399739,122.40799152506781,9.74693156025597,12.25,Shale,0.714595040907091,3333.8958823387666,46.95456914031867,7.237509769185301,Yes
1846.4830181515808,13.487386776069965,123.05503467550065,10.097002634689819,8.5,Sandstone,0.7630781905395508,2544.255441696514,57.36599701488604,3.1408631043909745,No
1325.8596873206473,10.452151431745023,127.8124899593637,29.410106603301738,17.5,Limestone,0.7403956098311826,2813.3969211840094,59.05079344529082,3.3000695523276984,No
4140.255152836644,15.303962730293723,138.5573479409098,27.49823068801608,12.25,Sandstone,0.6381877599285235,1786.7232945268966,49.684351276780745,8.94107532230669,Yes
4151.4632000716565,13.530492339293755,104.99630927683096,32.39609859879853,8.5,Limestone,0.7948531480505772,3979.285571968592,59.50982412479957,11.174606572597456,Yes
3215.855100456438,12.703304732353299,125.7224270576614,37.81184103396866,8.5,Sandstone,0.6219155330431981,2256.169567462115,47.12205746928423,9.256781334885183,Yes
2186.6042686704523,9.332421019101108,115.72554618292531,29.21745771433072,17.5,Sandstone,0.7134584049243241,3087.4741539911256,43.278150893428,2.746132406573572,No
2222.233511144313,11.852916578548191,76.79759458179143,10.454803779300521,12.25,Limestone,0.8130088043025687,2953.090862136163,46.54762376844738,6.028956110310057,No
3540.8448760458377,11.952687034014447,62.312068038246736,13.520491586789374,8.5,Shale,0.6060070603559119,3462.730509812476,33.471371827905664,2.0255358826806376,Yes
4139.88590983402,14.984227071420026,85.60872471092404,34.47678058055901,12.25,Shale,0.7709948457135949,2234.592389054901,42.05147759056163,7.112067433256328,Yes
4104.80248492791,12.599861651408414,99.87303357038574,12.3257126541973,12.25,Shale,0.7003562922429891,3389.818362493093,43.75215159091586,3.9320448488185136,No
3729.5644105016836,11.353004117278072,115.53953499857906,7.53828109340685,8.5,Sandstone,0.6026495530268203,2456.254326714336,55.458833961629345,10.681466487286567,Yes
3247.1107615400074,15.826002463829944,136.49633974528848,29.614801891478766,12.25,Dolomite,0.6571149813182915,2527.9024146158727,52.759457782273415,3.043350528690824,Yes
1294.4898774826709,9.330404449947368,77.6621145035549,19.08842244215497,8.5,Sandstone,0.8822838579811964,3181.7813162169255,48.04279755674402,2.0143339864703043,No
1565.7004993311482,11.669113212339585,71.29948109086294,37.20140183910662,12.25,Dolomite,0.7563446716515272,3460.714429351172,40.418317046288095,6.511460431137603,No
4144.939659844777,8.81518506378554,146.71319527268946,27.758927488278154,8.5,Dolomite,0.8991681613887396,3167.1665903013977,35.611037570779715,3.5543330392573917,No
3122.5017088085647,14.049280905751978,69.72401034387664,8.164664222708126,17.5,Shale,0.7574450251094224,3749.69880142788,40.432950627438835,9.379863822751616,Yes
1032.1896806582038,15.38557414149363,103.06419630964703,38.17497985387813,8.5,Dolomite,0.7631809236870805,2212.8975737751684,50.39412212877396,11.199347317813949,Yes
1355.1504000311124,10.600279971628671,112.70073559139718,14.049504227408606,8.5,Sandstone,0.7175529038798557,3751.5418302548733,37.891133972550996,2.4193801430256716,No
3322.2561918781953,14.937562575993407,108.72369788166944,16.802437164220002,8.5,Sandstone,0.6930121256194243,1827.1588148584467,42.80660087127498,5.955821119160968,Yes
1017.7155434617654,10.691636728464234,67.74289413296489,19.07911447892397,12.25,Shale,0.6754636659398834,3148.8257975749516,41.60310704645046,11.968149760709498,Yes
1562.8281799612453,15.330776212329365,65.13242226032574,6.792850374150964,17.5,Limestone,0.7030261848392021,2869.076628450444,52.9677019137318,9.326719700006684,Yes
2920.5682627830515,14.15471427697588,69.49350847149321,22.37803977807117,12.25,Sandstone,0.7379553242701297,2736.5898510389734,56.51361186780433,11.53187643705807,Yes
3421.6331919244262,14.53680082631079,112.70289154853512,9.316147187635229,12.25,Dolomite,0.657597585069237,2277.280072155446,50.98112870432931,3.6408328521615556,Yes
3281.8644082591018,8.635049167003409,108.9910398870889,19.033961434092312,8.5,Sandstone,0.6674625275417088,2759.3318632705855,40.24806782799102,4.213685594919536,No
1784.9425831119593,15.721077678055195,81.03667128330699,17.27484257972295,12.25,Sandstone,0.6814634306005317,1904.433390961758,42.995311469276615,3.5481124059682596,Yes
3492.6272747163757,13.950032440527425,117.39967276610324,32.049402919927616,8.5,Sandstone,0.7347779675792517,2423.302360529189,34.300504621611644,5.0236903377593825,Yes
1830.3718062388002,10.785633215396,133.80607518500844,33.11096790714559,17.5,Limestone,0.795844010044273,1746.7022937096935,35.04292343299829,9.243840683290518,No
2138.8989435574367,14.720459986441352,63.74210638619344,10.36945088361808,12.25,Dolomite,0.8568438450858862,2929.6164994657993,34.92877702579545,3.649466607581882,No
3612.7199179130844,10.611408988111975,104.83169491932381,17.829291558272917,12.25,Shale,0.686139551156143,1739.4197154990675,33.91759072683931,7.242340378832885,No
3273.7151466652513,15.04565379674596,122.03793708924212,18.06736063611411,12.25,Sandstone,0.6551185021024312,1900.8616097629142,35.387436855273904,4.69209919114398,Yes
3972.281936729623,9.344352928089528,82.70807343627183,10.299365537762977,8.5,Dolomite,0.7136542394551665,1713.6670037187032,36.08064607735073,10.291957791369153,Yes
3301.6451230512016,13.777644830955968,87.69938147638342,32.945872676791666,8.5,Dolomite,0.8683149229115568,2453.2765998801947,33.35537831392899,2.06592405338939,No
2989.0801116741504,12.555238574836828,115.22741126904455,29.752991491739813,12.25,Shale,0.6029582185011418,3604.896136045871,49.20782165652681,4.231149585386668,Yes
1327.8616873983237,9.224008526465806,140.81417640993632,11.663362520396216,12.25,Sandstone,0.8033605848173236,3767.2409790845695,59.71204603746599,8.05240757572182,No
2287.0053107080175,10.314203711941293,132.89319782726096,17.835266800782968,17.5,Limestone,0.7431480139234745,1679.7236365000335,56.375602339567685,2.9671050197384257,No
1928.208286886039,8.593030272079861,112.48171971896252,8.703175869977997,17.5,Dolomite,0.648313864488204,3086.3753521540675,31.368081714782587,6.6631221594598955,No
1853.9637518267925,12.015759740983793,125.71995459815243,26.987230898256538,17.5,Shale,0.69630645788234,3210.9635614801837,42.69176427590175,6.362072964823697,No
4405.53694163356,10.759489455700002,92.83402231870188,9.24801735920169,17.5,Limestone,0.6674850131631102,2834.4248560800606,55.77931737698317,10.525230068217637,Yes
2375.8420363336613,12.987681132233192,117.6868975288882,39.507695901872125,17.5,Dolomite,0.8633496503670367,3167.462153673865,34.0402445397599,8.253971931668133,No
4122.162943119896,10.729283557814629,101.95634320148014,32.323872614075185,8.5,Sandstone,0.7445620151834971,2084.226788607738,55.42935439956128,8.397020621591025,No
3208.98519099042,10.749393336302385,77.09425228118047,18.65834923543983,17.5,Dolomite,0.7689282833617479,2724.11052954754,47.78101913513698,11.518076017891659,Yes
3781.8395623957695,14.073948990487025,123.15644464895314,25.249737629777407,17.5,Limestone,0.7781062858011062,2477.189622589571,57.93895657788336,11.823603753233751,Yes
2759.229825868172,8.861071269837652,110.08181736139397,36.8969635675743,12.25,Limestone,0.7918851373807069,1724.2698785990776,56.28117342793276,8.533947321528386,No
3019.1635961922566,15.271712463939904,92.27594237582323,24.393474813853913,8.5,Sandstone,0.748666707112779,3063.8910993062227,50.31102966176152,7.220014501520542,Yes
2723.8119283660235,14.891979057933861,142.02052710707676,11.107447023928431,17.5,Sandstone,0.6053620592508947,2738.0379816788654,49.73467979618086,8.079200584648799,Yes
1683.3504572931556,13.508535124198048,61.88407060440599,18.25461744534058,17.5,Shale,0.7004168060743956,2187.935067256458,36.39492607175725,5.824437050541603,Yes
3528.582403415269,12.949161775805383,88.41958361245464,34.51007027604109,17.5,Sandstone,0.6551619722162974,2684.2131510084287,33.50258901474026,11.874566169600774,Yes
1982.7032685429954,15.192268736047392,65.11932579998819,27.547455559636624,12.25,Shale,0.8040428528735031,3438.2450459937572,42.461802899063954,9.050212594968588,Yes
1085.1058825100883,9.889976346465359,128.98745845994645,27.77535345168301,12.25,Limestone,0.617011395411014,3504.1444070201596,35.59740118479374,4.910067943791646,No
3259.1530356750873,9.092268716431214,123.18967087024134,35.33875199909712,12.25,Limestone,0.7691410173334933,3123.815321873423,33.07250153033277,2.577662989720684,No
1619.8873779246715,10.296326274321537,89.82169968626853,36.289057011187666,17.5,Dolomite,0.6631895166822903,2669.3695835004096,39.069801998186804,2.447219291519678,No
4291.6050452352,14.459337090251427,120.80966119863658,37.19274001228027,12.25,Dolomite,0.8846537515401184,2939.37409800962,55.81469828389945,4.049129805265392,No
4338.750019509056,8.760027000448625,95.63435035763548,8.319721763860464,17.5,Shale,0.7006622826559606,2462.538428389043,30.514444620550837,4.329130542531116,No
4202.025365771569,12.871051263126173,128.0628412280191,24.044410068708533,8.5,Sandstone,0.6975663574123903,1816.3908574855955,38.77913045166527,6.150454939539002,Yes
2295.5554508940554,15.965781371434826,100.87652964630354,30.91783324264115,17.5,Sandstone,0.8770154003972171,2464.0514934652297,42.72156555643477,4.148460116362538,No
1054.098157851036,14.917720703781546,97.10517550484991,31.492439579445485,12.25,Dolomite,0.7252043760912424,2825.831890174086,45.3170924884586,8.309104308617446,Yes
4249.114969057038,12.410842667826921,144.12569239394708,26.235067068950137,8.5,Limestone,0.8888587002557227,2997.0850366264604,35.44732525148968,4.1125473081058175,No
2498.6445191106004,8.977306819649817,82.57911899016302,10.837556731428595,17.5,Shale,0.607251105640051,3839.502440136552,58.92660599514093,3.87876538941146,No
4383.291866652844,14.735301357892823,70.8402605996909,32.90971938795825,8.5,Limestone,0.6919033725606438,3443.3336125765404,47.366191307165685,6.7123699280036995,Yes
4372.669919812385,12.992338811329079,112.60888019335124,30.2038966730231,8.5,Limestone,0.7998578880799294,1879.9814036116932,45.66331641171132,10.886685993238189,Yes
3985.53309413576,9.361997477946751,147.2389631055761,8.01475200421627,8.5,Sandstone,0.8672570893582916,1935.4555166323203,30.264677667910235,6.683054873786342,No
2030.57112224355,9.203929636175172,94.0055292354468,21.233343863603167,17.5,Shale,0.6769216779024851,1751.2368980993851,44.57146138188021,6.138487445721671,No
2347.8420501067385,15.322201145774443,65.58330872659033,11.089208983263125,12.25,Limestone,0.8791432775891005,3345.454318052294,55.13011888365553,7.780949074597088,No
3978.9783503089993,13.51900197203559,90.53747405786108,16.811696599954015,17.5,Dolomite,0.7782364399497564,3265.3056962296423,36.58933629153728,4.572136787516285,No
2109.227018046972,14.719650994875668,105.53384888876026,5.63283822719899,12.25,Dolomite,0.8403024729593748,3965.9072542422027,40.53622705159239,5.534365544904344,No
1593.2246134013237,15.092341752117004,74.57307059689923,19.01154539437654,17.5,Sandstone,0.7191621912920692,2805.058544160872,30.617143940630868,4.138352556671306,Yes
2948.8044186042252,12.788292640362418,119.22919962508428,24.245692240467367,17.5,Dolomite,0.663654114770062,3566.037322122205,59.30782542701385,7.718099946076837,Yes
4276.541709562734,12.380847638162809,149.79744501091807,26.685390748948038,17.5,Dolomite,0.873370624634308,2941.099646606969,31.999553913841225,8.973875615692153,No
3436.1042883624054,11.728205577407426,100.65655283832994,28.22216207950485,12.25,Limestone,0.8799407605218657,3685.216781318593,56.946633717287085,8.736986409905718,No
2995.2140953127773,10.877099408433395,91.92557010571915,34.2701959585861,17.5,Dolomite,0.7492725432462406,3302.552598256879,39.38963142541364,4.548178179647618,No
1340.1177281976898,11.759469706440338,96.063375015102,12.541201754650551,8.5,Dolomite,0.6019485047997769,3107.210037478132,47.62669205957636,9.79648205747967,Yes
3152.525293447094,14.304097417976173,70.3631560555681,9.216863785346378,17.5,Limestone,0.6329348861011214,2912.806677457626,50.3794661989801,4.559536652499302,Yes
4465.188475364921,13.014425732613486,139.49462412836016,34.8038010164274,8.5,Sandstone,0.7719083880695166,3307.426311107437,34.22487502293343,3.5031155126776294,No
1490.294053327834,15.193924674661346,97.33430899692168,10.481448521242747,12.25,Sandstone,0.6071330106905658,2549.134606677526,43.312781333410065,5.498087486871944,Yes
2814.1537832730783,11.825350107843908,94.85469702823572,39.11660284676684,12.25,Shale,0.7190735771960086,1741.4414517641603,39.76398300739927,7.977440891708829,No
4070.805751747844,13.053171840390656,119.37212456374269,34.488838028952294,17.5,Dolomite,0.6910109836716037,1599.965321994602,31.69807396816396,3.42001818804398,Yes
3592.6901621397155,13.234806648189915,99.78300788380112,22.53068120613597,17.5,Limestone,0.8143044826206614,2697.5593290229344,54.995809631795424,8.480871121084562,No
3439.5550934834378,12.937728717297443,118.34101219270615,39.349749872270884,17.5,Shale,0.6166736018843806,2998.228955550353,31.355032694924333,10.63067996253491,Yes
3458.6942939548826,13.769753298141373,65.53016611177088,8.408185518780147,8.5,Sandstone,0.7466193806931862,1697.1225764265637,49.597738784516004,4.9314051025807055,Yes
2258.219029269143,10.280751012811047,133.23510093500047,15.607301641128558,12.25,Sandstone,0.7737342809626816,2217.2588722802557,39.42232129259541,6.502066161151195,No
2027.5714549257268,12.34272833159343,144.64535575914624,27.3378545264214,8.5,Limestone,0.7851873228157853,2305.080514938718,35.763879816056,4.283104256251781,No
3832.7640441747976,9.281686021062608,118.38888475434473,17.250240396561257,8.5,Shale,0.7215473016050823,2906.988838020628,50.012581540066364,5.612617290703949,No
3835.3968813771326,11.383834957336095,145.91093359729297,37.493039319327714,17.5,Shale,0.6913103350288653,2196.2061401069727,47.23613143578618,2.2197057080250744,No
4034.753115030363,12.157503014659483,73.62890829329669,7.296913086223615,17.5,Limestone,0.8047479101211447,1739.1214988900167,39.457687721244895,11.537693962128271,Yes
4196.3419339476495,13.391681946591044,102.96745705323184,24.22941412213376,8.5,Limestone,0.8542707144307485,1912.1418523663754,45.38882244777717,6.158902132121951,No
2789.698396013282,15.628982894396525,114.16260605509025,25.680319358829006,8.5,Shale,0.8080852913348636,1934.869504010483,37.387113036186285,9.888701098180803,Yes
2755.3070314051984,13.00488299911267,112.3562982679068,27.845484332202844,17.5,Sandstone,0.8796307096371665,3606.7373605569037,55.91089377008076,3.4264343735650966,No
3794.033126383713,14.076954371324199,96.1315601180139,13.948317816613505,17.5,Dolomite,0.8151790576073782,2210.7992174457286,39.414563409814846,10.123550441003989,Yes
3274.873757722178,12.296995446214021,90.42759684296352,17.759824963195257,8.5,Sandstone,0.8293856202040855,3286.7293347868927,37.35459088654594,10.60147310962201,Yes
3456.8840704019617,13.255780235322485,71.41416202953769,34.528818538274216,17.5,Limestone,0.6503709589806267,2919.5968658482643,52.55501133178953,9.154771286876791,Yes
3785.2743430263536,9.0319916210033,95.25682055060503,11.822996913955594,17.5,Shale,0.7258618933580135,3942.596884041105,30.527774639817448,11.032083249834054,Yes
4115.0186963614815,10.407936856313853,74.63947335949366,33.94037465106767,8.5,Shale,0.7455165992867896,2182.0566722005055,38.040351962582264,3.671971294681364,No
2182.9830489803753,11.21389819903854,126.09291088429966,24.692939801595983,8.5,Dolomite,0.6768879486883823,1895.9325513230006,41.261856619535195,6.7648182878862,No
2314.540334239804,12.043700162548852,78.7947841945131,31.676562891792873,12.25,Shale,0.7585619581068863,1630.094594236401,56.46713885374145,8.201095320161572,No
1328.9367894430416,8.842365591267878,65.27087747560805,29.976257819221505,8.5,Dolomite,0.6872375832665543,2102.3991557032014,58.51325407645032,7.961929706974873,No
3023.980493486609,9.550180731649883,109.71295240355109,12.262902338470766,17.5,Sandstone,0.8062506278413248,3210.1772160384817,51.494339007418496,10.610409345262982,Yes
1125.7979582885973,10.576107308434793,113.57067594474614,24.90844577518555,8.5,Sandstone,0.7410865430109528,1713.1455615921516,44.77595343028979,4.156913679728857,No
2629.5930634636106,15.78649518175788,138.4721755152455,35.370310348178236,8.5,Shale,0.7376420862807107,2111.7546128741465,49.21864647173066,3.7564383253886637,Yes
2899.2562214765185,10.985102553272881,111.92834511759136,20.124068288067527,8.5,Shale,0.8950927593098436,3638.27092046003,42.420031550439994,4.5337859485795144,No
2002.8943824489954,12.115307935840619,91.09327683511012,38.83067695781609,12.25,Limestone,0.7177334545627712,2957.3823734113007,38.96477495546004,10.915500494128707,Yes
3067.9164119915376,9.970732845537947,132.27106933736883,20.82752850356013,12.25,Limestone,0.7086886297768705,1673.8038506329885,58.520642044188854,11.410270826575747,Yes
1106.750874786673,13.080850533068261,108.6251003868679,9.997497283375964,17.5,Shale,0.6955813113847963,1619.207860624408,33.46170687029771,7.6963010426999725,Yes
1130.7186606222504,10.605124116369808,67.13522561680726,18.630213802718565,12.25,Shale,0.8684247662927395,1652.807188314417,40.39180704150327,7.013719345705198,No
3879.101962308804,10.0524443382882,110.9265504281922,38.3095842236688,8.5,Sandstone,0.7490171478294535,3854.6876253681316,56.97266879881779,8.053856080126565,No
2260.66724493942,12.374294713344844,141.72166908794964,16.1902297268949,12.25,Shale,0.7800043432441907,3624.678571402637,51.6942429176225,8.16307649846694,No
1444.7117942815967,8.541293493703156,95.66813629483985,35.3834355953472,8.5,Limestone,0.6542455437007185,3612.3501050469367,30.8730435396893,3.703047049434958,No
2827.8514101918154,8.55748024486919,86.66932217098201,35.84377385886614,12.25,Sandstone,0.762282708001478,3810.541905608865,30.692990202727415,8.864108816231303,No
3694.9774358451377,10.143016068263933,72.9122511316218,17.256528351618638,12.25,Dolomite,0.6823944578605465,2763.1384756272755,45.49537387873724,6.5235110234842555,No
1755.373596238951,8.775410218756159,73.63009697418215,7.914018031772124,12.25,Limestone,0.8191910763788632,2118.36167785836,44.52759168690065,7.173819588480452,No
3180.116665366501,9.310193155980185,98.9494335907637,30.35952682055864,8.5,Limestone,0.8497585046377146,2503.3700105962953,43.28974615968955,2.303166043351555,No
1298.716127478188,11.041454870040637,113.61118417453766,15.902930465489511,12.25,Sandstone,0.8144432076393833,3297.160182209527,39.070312855170265,9.645566325310304,No
1180.886024090127,14.519392596848597,67.25538646526415,32.40232649901503,8.5,Dolomite,0.8190732498810772,3690.0821788031626,59.59916159440917,10.354279612678818,Yes
2859.741210488518,12.790364825269755,144.56117301226493,20.49291968911516,8.5,Limestone,0.7537424112358551,2587.727316748811,38.15961968950144,8.194215539345466,No
2892.222925635373,12.345007944673123,127.96202557006764,21.984335981991755,17.5,Shale,0.8136354169002407,2838.4523884551527,44.701206193216855,9.487236352966626,No
3231.004655243723,10.701166174060912,112.79615264552965,32.22682923619879,12.25,Limestone,0.7268060806524481,3829.457483190633,42.14679290469199,7.227060031721019,No
3541.3196680293154,15.488152895746122,134.5594803845092,18.382716587156978,17.5,Sandstone,0.7954467460588839,1768.7465927735727,35.107482778852265,8.183533789785557,Yes
4415.48227811887,11.477612809278938,67.2168081130902,20.509457086302007,17.5,Sandstone,0.6777117630361544,3655.74804243531,36.07856457375836,5.945716984632385,No
2807.0512190541835,9.153195750968287,102.9154989959812,18.166666406936777,8.5,Sandstone,0.620927103693603,1898.2687056298398,57.54908226029319,9.918742650625125,No
2130.347655294361,13.12799887088351,116.7083814175497,17.856918034704798,12.25,Limestone,0.7240419792365905,2709.6533757265506,55.748391685678655,6.682709302644926,No
3783.1516816904627,9.35378795107451,134.57876155064605,23.40813019155108,8.5,Dolomite,0.738533446734147,2046.057821657649,35.971329174610574,8.802129044188826,No
1947.9128794172598,11.08917357101269,130.51226040443407,33.307980557540276,8.5,Shale,0.676922147456607,3007.3690767265107,56.26987871728541,8.214293786195046,No
2536.3999724697264,12.305589540383567,84.93623247420597,17.661890917289803,12.25,Sandstone,0.8183128555221713,2896.433554270665,36.275583902425275,9.023145183857498,No
1274.5973346979308,15.056668935138818,144.6792152603284,23.348915218820785,8.5,Dolomite,0.6220651436928838,2450.0184106018796,48.79638965243092,9.852158751252233,Yes
1088.7276019541014,12.20159935255089,71.19112572877833,28.47545639049103,12.25,Shale,0.6668244973137566,3658.2587871128108,32.43841569962081,7.127134815929951,Yes
4369.269451372738,13.766940745237482,138.7620256759037,14.430380620627925,12.25,Sandstone,0.8245694155360881,3149.53330072015,56.41108878777355,10.130659492556687,Yes
3925.9304217927206,15.946126292493027,147.38462246441566,14.71329817158374,8.5,Shale,0.7311372821220037,3303.0128124048592,31.54500898396401,6.9725723727160895,Yes
3435.909721327943,9.486168399234863,75.9438170900363,37.66945944582092,8.5,Shale,0.8115850872117938,1876.6493455191712,46.6482866775341,11.566343228639369,Yes
2431.335305449945,10.560486441396396,124.98594577834068,30.323710066588102,17.5,Dolomite,0.7702457633350789,3707.914194939044,53.39134575541155,9.526717486147943,No
1606.5301202479602,11.459320566982349,63.625696690019865,25.20153366781581,8.5,Shale,0.8852138249992088,1917.600409050046,33.50504209232044,3.7114164974606414,No
1547.5296493488013,11.663711339041235,96.48805426252395,27.67020190472142,12.25,Sandstone,0.7793387498168499,2056.9624105249004,42.134408025005655,10.295844713634313,Yes
1875.8501435760836,11.582658064491593,106.46549692779067,6.025480508619642,17.5,Dolomite,0.6044606923036558,1820.137846242201,31.258504544701502,7.515876608066341,Yes
2922.2933264714216,15.307082519174163,112.25807033186706,26.63360379465939,12.25,Limestone,0.7058632051513002,2600.8980199220387,50.48257732019877,11.844609579738654,Yes
3501.085729450218,13.855244833501423,144.23435234237036,22.832810562847065,17.5,Limestone,0.6429182046614123,3719.2730793807746,39.223487848840556,9.188190436735272,Yes
3310.6908185120596,13.059289105680278,120.50256185647751,24.10123879228025,8.5,Dolomite,0.877390103279311,2131.118799024649,46.7818573391541,2.8439074657019106,No
1979.7686393108,10.820295383970866,103.31501560973133,17.579833939078597,8.5,Limestone,0.6312037362855241,2434.383551057383,57.98196811261085,5.9496042761034875,No
4342.028482321179,14.67842788165971,132.87075326393006,7.851586419952966,8.5,Shale,0.7163119989393263,3615.166050188555,39.175743239845275,7.172754026732665,Yes
3582.6392084351896,15.662953836137417,145.5479538858968,11.766873176421827,12.25,Sandstone,0.6678297580880076,3044.5381993972233,31.45882414905833,10.390136031598018,Yes
2940.239183789902,14.6589871191267,61.985953381406176,38.27606496244351,17.5,Shale,0.85401659711902,3379.0409841156925,50.26883303096101,9.293455343297726,No
3141.0226118202327,8.511738288936046,148.42691450304346,19.30448467948269,12.25,Dolomite,0.692569949276675,2035.000123590287,53.60523403542503,5.6936007061163885,No
2468.600218497265,13.273010276375553,67.75189251573123,21.333910454080247,17.5,Sandstone,0.8975680449427935,3291.2246583314386,58.736056796327276,8.53432687502629,No
1867.0584632540513,8.883515360815755,133.29481013418854,6.844842644870365,8.5,Dolomite,0.6115849816836753,2069.026446604431,34.73402631076998,7.769109078983793,No
2245.9043752794155,10.432054152502914,85.23012772962713,6.3148180340393205,12.25,Dolomite,0.6384830317387697,3968.2849555266525,41.764197753484495,3.2605260895240686,No
3652.461386625292,8.946435252608287,71.89616919784845,30.10135064663652,8.5,Dolomite,0.6673916329287327,2899.7153903168432,55.32421380076424,4.348586929986006,No
1050.3772102041455,13.028465897120409,99.58700757424515,23.833313244238894,12.25,Shale,0.8433318120600478,3239.0981451078424,54.20614179806638,5.411223127143144,No
1406.2542417742068,13.64942435119455,117.95609215028522,22.804709447569333,8.5,Sandstone,0.8635551627192047,1796.003960353757,48.743871220015876,3.954834063635029,No
1161.0092470761347,9.358657285494289,94.28566605211276,13.509358564793404,12.25,Sandstone,0.6214354141828267,2126.639950103924,38.08105635608082,3.501338458300255,No
1142.5508081163955,11.378791622837346,64.91088674544291,31.066275607047277,12.25,Sandstone,0.6097380425286829,1849.3516489108858,38.521058719523324,2.58197770130287,Yes
3994.1120440385253,11.921773817166565,113.95150256928449,10.888280268797216,17.5,Shale,0.8233670571313738,2475.4267881793076,33.72008983872428,10.731025656089301,Yes
3462.802507830083,11.267897663206874,141.21629484996072,11.6477160281357,8.5,Limestone,0.640005602026084,2210.3396605134963,57.65561021357729,4.8894341796485365,No
2659.608401805638,9.407687503638948,94.48938293525265,21.124925997189642,17.5,Shale,0.6398995761223918,3332.305649076423,35.18794543918336,4.903206039335662,No
1342.419562278505,11.642108426406065,79.46994998677444,15.019795173917931,17.5,Shale,0.6067099603483288,1771.772449070378,47.186598035397196,4.062281374301555,Yes
2720.6555629089135,14.133835358563136,99.83196113395339,13.661204343160122,8.5,Dolomite,0.6149423632750265,3380.1484211259203,47.53054250946339,6.75397371863883,Yes
2657.1511977319797,9.032557483999415,64.35264399439028,27.58331755936661,12.25,Sandstone,0.6791026375786468,1614.2620615964688,41.08816323585806,7.142419679223725,No
1606.2065446850531,9.101350105614276,133.84388260322473,27.78401108264906,17.5,Sandstone,0.6195016468232418,2005.044593305981,40.575553830163656,4.082813586250801,No
2518.480772332906,11.160784688769882,134.37067298551682,33.85809744299752,8.5,Limestone,0.7106637274977827,3479.912479911507,50.057652556748394,8.085703378636506,No
2394.766570390807,15.562942837141938,112.92004170866656,19.619799844054157,12.25,Limestone,0.8498325093682048,3356.941602769737,41.648933338456175,9.22999959593749,Yes
3155.4753431827576,13.514294850421855,91.77926000445505,7.557978185915259,17.5,Dolomite,0.6978960771964777,2690.8152847971587,37.65346180014002,5.7384008596545195,Yes
3222.8277780367534,13.590024675044237,131.98050280012052,14.578323472251018,17.5,Sandstone,0.8183502487738115,1624.9567876938795,41.97395107200093,7.854516968574387,No
1158.5640342021559,11.214399931283987,109.92183223095304,39.300191211888595,17.5,Limestone,0.628172989449309,3024.734354173248,54.22986232996638,7.023019051644463,No
2311.1441511926496,12.952455934064037,134.33390776950148,25.869050133144572,12.25,Limestone,0.7978125562258479,2516.810259935246,58.99435365393557,3.9554839835610216,No
3190.509704999827,8.575983880208076,116.83129133247186,29.84079796803571,17.5,Sandstone,0.6950241549772305,2291.3203754949245,49.07850691361534,9.300109887745778,No
2760.9769050303066,13.270720348071567,130.59649258915175,5.257524036889508,12.25,Shale,0.8249258636091115,3101.0265920663355,53.463036764523196,10.014530278240473,Yes
3997.714444159128,15.349652106821775,113.87066938959839,23.13720062638823,17.5,Limestone,0.6408756042169146,2591.5364055043156,45.984745839378306,8.487931155871676,Yes
3305.4277106663076,13.094301012586143,97.27269613940996,6.31350301361311,8.5,Sandstone,0.8693650133293446,1731.0527511329467,48.74469426280314,5.238960277710513,No
1570.2704947850038,15.052739450997588,146.21512739335236,24.923057423200678,17.5,Limestone,0.672773160869381,3789.876176280861,59.642599702096796,11.267924944093012,Yes
1246.9906159015045,13.929797915995703,108.70024423909604,37.22697973726264,8.5,Dolomite,0.7059413379843529,3446.2327486334475,43.15256594105735,6.553583879951243,Yes
3248.467473722105,9.404188123027676,114.45805666864845,38.89466956751428,8.5,Limestone,0.8850542132454124,1640.945478226381,31.987640908626,4.658784853850978,No
1092.7895868956764,15.268399804643813,79.84388754732743,23.919343638612347,8.5,Sandstone,0.7735447079192577,2812.659675476739,58.71020753458064,6.082346208219565,Yes
3050.2145344571213,8.998328832668312,116.30857104845488,21.037168183827557,12.25,Limestone,0.7097314556889066,1708.4439072465707,53.791851627106425,8.9207509190821,No
4290.8058449873515,12.504756044108229,111.44468845346495,38.07559829869729,8.5,Dolomite,0.8848806441100896,3593.2246476462124,41.949311035907144,10.459317856592492,Yes
3014.1596225655767,9.566028428450933,76.63545581523225,28.57634411988433,17.5,Dolomite,0.6987232250670096,3032.5349026299295,59.47185160868307,5.565754992828726,No
2358.5947417228267,8.58779958048178,65.36283876178294,7.271474783844331,12.25,Limestone,0.6284612138025539,1931.1228339326713,40.366072510458785,4.326244460093747,No
3251.5087645482363,11.665256950957293,114.3923387743294,21.300395218362414,8.5,Limestone,0.899054666357826,1551.8533570155018,41.163605880240866,8.264931318352048,No
2603.8851167203084,10.712805307406171,128.73230424152885,13.408575646250636,12.25,Dolomite,0.6803534761676742,1578.9525303660516,48.291940595697625,11.212151001062855,Yes
2909.6587626057726,12.145003703482022,107.10612338298074,21.443151250703856,12.25,Dolomite,0.8553773546098822,2768.4136801620743,38.230421584660704,3.832933635594216,No
4295.126830717838,12.82899915050913,80.40953627876812,20.94129502022266,12.25,Shale,0.6496622384469262,3335.9336966919345,50.95714455392198,10.030193822993665,Yes
2351.3592323027096,8.828043042317105,119.98697790237314,25.37506809851597,17.5,Shale,0.8194061915332134,1802.101128334898,34.585509118515176,6.7660718148748416,No
4364.1669733837,9.422524713428093,67.2095153948642,17.48696716222379,8.5,Dolomite,0.7573348183416756,2053.2101647873938,33.24075958074461,9.995125039620916,No
4168.727246846223,12.68981797337819,99.76503343217591,10.749465730957482,12.25,Limestone,0.894271967487039,2318.149862923831,46.04634022692467,7.0554114977329085,No
1685.2689717625376,11.073755148794937,74.70300825585781,22.63018021064847,12.25,Sandstone,0.7658491068277198,2045.1919551528827,46.664810471832034,5.773277743022193,No
1242.7645530630791,13.96880115662086,76.60131459538951,34.05710095210167,12.25,Limestone,0.6075045455672562,2478.3414067178965,33.199652088890716,8.967410002096507,Yes
1352.7230048209933,13.392187364439547,78.20645542423833,28.24042798236608,8.5,Limestone,0.7811633968872264,2899.03751441269,58.92528783393453,11.006272945948973,Yes
1063.776389780424,14.842032722424301,94.80363513395801,16.842875307382556,12.25,Shale,0.6435949369009878,3212.341870603273,47.198599728212514,5.202517303701811,Yes
1330.5503626457494,13.69369620001919,64.60351850583578,37.74330579656,12.25,Shale,0.8395622745846262,3909.4379555180712,34.531049774907785,6.607481349943718,No
3390.523706957249,11.724483080426111,95.80140968361883,36.92726499372138,17.5,Shale,0.8569704589469698,3827.109174207986,39.34327572996897,4.294006266965225,No
1249.1602696108014,13.547249667958244,106.05367024032307,12.327193978443457,8.5,Dolomite,0.7446280556384143,2925.3174370722863,54.00702641799488,3.834094636173508,No
2116.414706028165,10.56535880691564,103.49648564696926,6.379615479212704,17.5,Dolomite,0.8349664371156896,3335.3751411408866,45.696945835965955,9.778901423921752,No
3957.063588393091,10.797351240836594,94.45056903627365,30.94580479227668,8.5,Limestone,0.6435332206444815,3877.18051156357,35.64445045639667,4.006641166884425,No
1081.4517750753905,14.41738869940595,135.5231947263677,33.966359147220366,8.5,Limestone,0.7476234559606938,1708.679861353512,33.08546916185414,9.9331817133445,Yes
3850.639689061275,11.848146373011867,73.07940231784536,38.875259808297436,8.5,Sandstone,0.7181832794071754,1514.0868996535728,42.92323236712454,6.292170518402645,No
1986.4917117068999,14.487852553887643,105.51270694032365,36.144273793090875,17.5,Limestone,0.7833952161159244,1574.4994093239582,40.12244126059303,11.950487234077158,Yes
1413.576896675797,14.668167802512087,65.58372752608989,26.018716887224517,17.5,Limestone,0.613343156640948,2908.3734059324097,49.67752057445921,3.9734141819128928,Yes
3438.5800787745275,14.93171753245963,66.40401109901188,23.55183187243333,17.5,Shale,0.8256368514745882,3407.0835632563358,57.75740960853496,2.92977992512826,No
3201.299963729594,15.374764268809056,111.64792647093867,5.97443679419052,17.5,Shale,0.6237387868424051,2417.6873768625865,37.43190857322476,2.7543306960349563,Yes
4071.1520473446853,11.732389153849722,110.94165823990389,13.632975639567224,12.25,Shale,0.7969414552590495,2863.0979368190465,55.65701799848536,10.354180047242007,Yes
3572.7486533136002,10.891501137408541,139.02301615600112,21.086516310652424,12.25,Shale,0.6055371676619833,2790.9157963713424,57.61385935335602,6.377763110583434,No
3812.18325634697,12.866490599455854,110.20863080940659,26.997636502924873,12.25,Shale,0.8495664191270189,1736.927228980049,57.06007798409705,2.0312434964737163,No
1987.1210039995726,11.283793175782208,146.38119183643653,24.503814166144373,8.5,Sandstone,0.6524098890671344,2303.9706605601223,58.56231989836306,10.74771362503336,Yes
1621.0384032290299,13.008056251001747,64.38253635599368,30.992259638859167,12.25,Sandstone,0.7546492427930971,1548.587887955755,55.26325866387826,10.769210069103044,Yes
3627.1516307430043,13.791893969828685,68.8206916302667,14.79184258104643,8.5,Sandstone,0.6784478711182858,1776.7642220162772,47.804580161900105,10.06416674018791,Yes
3823.921587435424,13.663037638691026,63.965927541334324,24.773341267836564,17.5,Shale,0.8167941606183206,3529.6455572744444,42.295382961307254,4.483184830248425,No
4466.767997002356,11.30914665265091,76.6749165300186,8.084978518677724,8.5,Dolomite,0.6964053300569164,3573.533743120797,44.75063358101314,5.727527200671731,No
2444.161869189993,9.751451512740646,108.71430998475103,19.478293325412245,8.5,Shale,0.8173827580764952,3504.865800112674,56.17836524632756,9.449262251954837,No
2302.063300274741,11.728970038466557,118.10149632846853,31.255629153411036,12.25,Shale,0.6854613620506429,3317.046602380591,39.04195132251547,6.893531254075852,No
3717.445362596989,9.569456080614316,64.10266421538019,29.26902987001654,17.5,Sandstone,0.825741927280728,3483.2821159997543,34.77785083023283,3.538265767235525,No
2192.8123908855623,15.175727763878562,145.13738008610392,39.672495801026265,17.5,Shale,0.6091816489010713,3177.4558531737957,34.22457654401386,4.427982645276724,Yes
4257.650639612477,11.094080955533931,135.7948838985343,14.726189409571461,12.25,Sandstone,0.6849934006121545,3174.5833470407215,54.80983829715001,11.725895367515573,Yes
4004.4446314505412,9.658448104174928,86.69512339413838,22.43662547108927,17.5,Shale,0.7495900519320837,3168.4044937295203,52.84457058990293,3.510131174271062,No
2501.479095812564,8.690858199293132,66.94687772038212,16.533564482089886,17.5,Limestone,0.6135178745759177,2785.1069741955107,44.92936023139025,9.260807566781885,No
3628.048737270241,13.34366789714863,75.28983658971515,20.421108992071115,17.5,Dolomite,0.6558102184113835,2408.368083662111,38.2461428427646,6.78018306659539,Yes
3640.900059296388,13.276767380910574,71.42499723794754,34.993254545428584,12.25,Dolomite,0.880361094492361,3325.4881654038873,50.32839526627834,9.486016595521598,No
1360.9335409257642,11.054531249359687,71.09554013690521,28.94731763159703,17.5,Sandstone,0.8930502795540568,2246.615033966854,31.152992922974093,8.611132411443931,No
4158.935173378483,9.037839166357383,106.67055197991606,35.88544169716536,8.5,Limestone,0.8219249842171457,2857.2553286940483,47.04683446999984,6.39167190554326,No
2768.3833035674998,11.57221671171424,82.12626982440602,12.122888791616026,8.5,Dolomite,0.6756600151850738,2583.3890505447034,41.95275506218391,5.539108246830671,No
3892.6011313770955,10.834131212975452,92.232574487623,35.56763912445033,17.5,Sandstone,0.6781552336307907,2191.5556927342527,59.33578901435905,9.543592543561255,No
2120.173603607141,13.57840479801257,149.05548000458901,7.091679596243455,12.25,Shale,0.7937371073385219,3936.724801131158,45.22680747331578,5.231412062598265,No
4134.331299736701,13.043344370895177,121.58828240328103,36.10097481530033,12.25,Shale,0.6352798849796105,2146.879113004549,46.568032573508034,9.877714800885684,Yes
2362.2058755695707,11.23445296148155,145.40826003423012,16.517582281125478,12.25,Limestone,0.88449281412911,2273.232659307575,51.370879903284575,8.79843066332452,No
1037.9317801810444,10.134194156912425,72.8300899529804,16.010567169492326,17.5,Dolomite,0.6674438698530554,1903.9687543951707,44.5361544337694,7.776691702331689,No
4168.836917467423,15.91026974616694,94.39255273493123,22.923100184453236,17.5,Shale,0.8998906876276331,3557.4515632857265,36.737058578302545,5.688008849022974,No
1319.5033687514674,11.905012158970862,109.92586229541189,37.92415657031311,8.5,Sandstone,0.7487201385907382,2966.4735013862237,46.11833539645344,4.0508135776637495,No
2117.5977315664522,13.662056768351778,66.90822556998643,6.672347763849188,12.25,Shale,0.831428996697881,3032.5981411809644,58.32806612672161,9.104198012406638,No
4325.216884677817,9.554147256837705,60.37686992651621,17.328084127476085,8.5,Shale,0.6006552283516672,3551.4035294977443,42.297329645054155,2.913492271705809,No
4327.125014281446,12.141922747445484,120.33909004172259,34.98001960391675,8.5,Dolomite,0.8666239214254926,2357.2991465746986,50.38922864999019,11.705422561557597,Yes
3007.032608431501,8.706525399020991,117.76375651212918,18.861906710241335,12.25,Dolomite,0.6810006134341742,1984.0835634505345,59.341025666570545,11.787479146154874,Yes
3211.4302425942974,12.290913384328375,96.97099289996507,11.970491415897346,17.5,Sandstone,0.8003810233644196,1996.0134099847598,54.89766938950471,3.3022261595813864,No
2569.559326924119,15.730130553382768,104.06796684288294,19.867796346599413,17.5,Limestone,0.8419065842380768,3331.549553655648,49.77102399249971,3.039353229723022,Yes
2026.237700943226,11.381550347393501,97.38987005328806,18.494337552208428,8.5,Limestone,0.6492443221677006,3035.2878861561185,52.07989464991543,6.1271672708303,No
2150.325908794706,8.792470094311836,62.160454036039994,37.03956705133462,8.5,Shale,0.7327528443987688,2015.8471964552223,58.09449744051226,11.636832722605021,Yes
3353.8145962696344,8.732168431895076,90.18344455957163,31.667703151008396,8.5,Sandstone,0.7481507821955771,1862.6634866010588,58.7925631320107,6.003108992311129,No
3633.31085303188,11.409900699601522,75.93740298575608,22.679044451040223,8.5,Limestone,0.6936358396017613,1801.718262904932,59.069043909659875,5.6380210843233485,No
3770.5266530404697,9.700187023473955,68.85817701912319,39.59296983525499,12.25,Limestone,0.7445267489186944,3069.4966192575944,48.769248846075655,9.035850589987712,No
3763.6634997809388,8.675140722461395,146.10483905004148,21.284713594657315,8.5,Shale,0.6952636972966014,1500.296612277125,41.54134949595709,3.7873123659522703,No
1319.2213606704163,14.171602104626327,113.9423752537949,7.038324078709633,8.5,Sandstone,0.7082243235165627,1545.7983565088593,33.994593868688995,5.633234835737515,Yes
2730.4710664590352,11.938922566614181,125.57906558129424,14.179601263524471,17.5,Limestone,0.8007993536108217,2473.882839065238,41.566440040212086,4.913074462744878,No
1201.455660058255,10.669335789794909,88.38273689395058,20.262466807675942,17.5,Dolomite,0.7897779804914992,3228.374660690406,58.28866364206857,8.015346226306262,No
2923.3510881330744,15.250623872623606,95.38324165446136,10.491591845114204,17.5,Dolomite,0.6696797177392576,3237.59844124351,56.693912417771685,3.6275288621416384,Yes
2545.3567548068195,9.371042201503942,81.3231594507051,38.16477942134151,12.25,Shale,0.8692448654386273,2575.2956840192264,45.70978986188636,7.487012556062362,No
4106.964639654049,15.669391217164893,68.72691038688822,31.83971142362206,12.25,Shale,0.8588365637014173,3227.684016511424,46.11021859781772,10.57546589936845,Yes
2228.202543932275,10.854750380330145,76.11284736974254,14.390052014972042,17.5,Shale,0.7527249920069855,2802.7404489503133,39.26761048784908,7.141705467076019,No
1409.7345574966205,15.16302754231511,131.77626407668373,25.678158673127054,17.5,Shale,0.7299752228087251,3942.328541993288,43.63523670211444,8.834966170980852,Yes
1500.4708871849255,13.022071573595962,120.97912246653982,30.250720498835022,8.5,Limestone,0.7130567948952327,1906.1505345920827,51.43345481818186,2.7524801767793288,No
3665.287211011153,14.700305198061155,109.22359883869292,37.94476251173793,8.5,Sandstone,0.8121803755999317,3001.668169264014,42.07292176943376,6.49005579247043,No
3163.7632216069137,15.880098724078483,102.75808855800912,35.85723722113937,12.25,Shale,0.8014998171628411,2728.096939877509,35.63951616228101,2.9489316743585197,Yes
1353.9293664297659,10.663040783640593,143.0190855290512,23.03172791483748,12.25,Shale,0.6588541820813936,1986.165861644236,46.225787364752335,7.994616757866568,No
1294.373821402491,15.708516140556947,66.54614530008016,32.112841692755616,8.5,Limestone,0.8014374093901084,3374.9760803542586,36.76010734362984,4.810543711738185,Yes
3453.39196010692,11.421114211768153,85.25407319141243,24.675066383965476,17.5,Shale,0.675729358230612,2188.7700498299882,59.228626680378,4.87265830991748,No
1254.6705222746773,11.391339285526918,91.49440682136427,24.344636151593903,8.5,Shale,0.6055675009570577,2454.274547733854,41.710197420358625,2.7676673714498072,Yes
3876.5102075162467,11.052903281908794,130.4183230991509,9.015968541836717,12.25,Sandstone,0.8097626032612131,2437.076423968825,57.289949148273486,5.102378614407344,No
3471.847795047737,12.560557055106889,149.3263158145774,9.414818030565321,12.25,Dolomite,0.7934380807382249,2110.511182969872,36.76661989810873,7.066771771070973,No
1284.7207322466493,9.656087823838654,81.66034632814377,23.53367652578601,8.5,Shale,0.7232427787123025,2576.763329246013,35.67627015917329,7.846601031717614,No
1296.9319992981718,12.652836140185084,138.68766007233725,14.41015407426523,8.5,Limestone,0.7577058167758518,2683.364702319046,48.50703387119212,2.6666555127582328,No
4453.238524754114,12.56278609307503,134.75604843886123,5.736291586116402,8.5,Sandstone,0.8841507575117279,3360.554182023269,53.38137234909962,8.514591857160703,No
2309.947785146421,14.214263594536526,80.219165787759,30.29937213650743,12.25,Limestone,0.7785600542716313,3412.671435942593,47.00293691557127,6.888757607534946,No
2297.2475147341183,14.752374714531893,95.93993221793002,6.137030884155774,17.5,Sandstone,0.7973651806009594,1896.3899207291552,36.89387050815778,7.369080079142348,Yes
3844.798485401259,11.803310127343181,96.87055823632673,25.83468943864191,8.5,Sandstone,0.6191733962847423,2981.9307483188304,31.13683088651988,10.327966737677947,Yes
4315.370020843506,10.767499370136203,148.03986016739026,23.871782794456003,12.25,Shale,0.6497983382025375,3740.4944956984887,48.548664635730155,5.4222644530486654,No
4451.0037233800485,10.445011729878209,76.28027112410085,38.90851417022316,12.25,Shale,0.6902856829234765,1771.966522211402,33.93111676096645,3.740511113650347,No
3636.823648406296,9.95967877528654,131.9242173994304,21.947459877167457,12.25,Shale,0.761813795408443,2682.2851113353463,40.29529161096994,7.518101757069541,No
2316.908549358205,8.932356866492686,90.07734427557989,7.226050273222908,8.5,Dolomite,0.8329772687949963,3375.882806020857,50.27354261013694,11.450219175352387,Yes
1292.2525084453407,11.06835984126035,125.77833111985443,24.30907887322616,8.5,Dolomite,0.6963722633365761,3028.7283359558583,32.94070321748796,7.178696191811312,No
3720.014205746029,10.526857690980874,97.80099038660966,34.43836597156355,17.5,Limestone,0.7069147291436322,1751.4641414915598,33.81754439351867,10.319121741195065,Yes
2954.4148740753176,15.748130393998055,112.0523786804886,39.8897249498504,12.25,Shale,0.6768452655521247,2491.515313377431,31.849986219222124,9.57032054461033,Yes
2484.777032364417,12.68281619687533,134.9350595993518,20.06201107911754,8.5,Dolomite,0.6763827987885918,2768.09874554216,59.8823738672048,7.183307870098314,Yes
4172.2403478315755,11.104577792728806,132.37490084854957,16.210455987385988,12.25,Shale,0.884659153768439,3989.6140042906823,41.61230305804744,8.475547776534224,No
1389.1911880715297,12.85350700745272,137.978086518573,36.73286539331996,12.25,Dolomite,0.790637153885667,1946.519773309132,57.173855032039036,6.066801840966585,No
2724.187865018007,9.543975260092717,65.36555928101932,11.693474517664248,17.5,Dolomite,0.646770373061984,3956.059417900281,38.80756915272846,7.306286890971937,No
1039.7377566859668,11.83032811901652,122.28454977357703,26.540012026152432,8.5,Sandstone,0.816674573425278,2440.3744605736097,52.59607695421487,7.072857552906347,No
2640.3122469794416,13.196757410657979,72.59886390495866,19.200004846333172,8.5,Shale,0.8166063430080087,2000.8012151845533,36.57199848937137,9.09110362957773,No
1197.0614648864307,12.166733738443385,97.42367112165698,6.437882773444435,12.25,Shale,0.7999410588161115,2535.2727053099898,44.94974128944751,6.099813193562827,No
1415.8627069382517,11.513341004907431,109.37295735492197,17.155096600699423,12.25,Dolomite,0.6404161335271991,3034.987810087043,54.73847217887339,2.9976712262214003,No
1411.341863719867,15.953862916747736,96.24655362721477,14.28299828759361,17.5,Shale,0.7223974450408761,2033.7434847774898,54.49003196685248,9.887095228136229,Yes
3272.2360574062227,15.102360716116952,106.76505082227067,29.01319038802204,17.5,Dolomite,0.6320268991483239,2228.5977082553195,53.828421520880234,8.848530033282074,Yes
3611.1570774289817,13.175544686195801,149.68736779187572,38.20766741921714,17.5,Shale,0.844986151227641,3636.3662543382243,54.71203239115658,11.501234554573655,Yes
3041.7906778400584,12.77033020886712,72.16955823415692,14.38165155825232,17.5,Sandstone,0.7965516429533758,3997.5236541721697,36.34416843917638,6.287161758478629,No
4367.603919660896,13.15495359868438,120.7910440802783,33.40130787030886,17.5,Shale,0.7521611810303455,2295.4317287460663,44.466488176811595,2.782056569110947,No
2312.047028332964,10.00984080866825,95.64008697470537,6.937593592844333,17.5,Sandstone,0.702904642950179,1872.1420098748508,44.54614423791476,3.2161898636324295,No
1999.9923019865125,11.46353307448239,71.9708819016596,23.83423535139346,12.25,Limestone,0.65527484234833,3482.927049985104,56.71507462043738,9.73319543203078,No
4040.096948663111,8.795946496681745,74.28630870368787,7.46925222984631,17.5,Shale,0.6319342766499324,3001.1392181878628,38.90675488198286,2.6775728277860193,No
1782.5854348180842,12.0665952811512,145.4345795621055,37.69115468957238,12.25,Shale,0.8907721822610699,1751.002858439003,57.94487680167145,11.078261449292853,Yes
4371.278888042139,12.572684379682475,139.1641347040586,31.822294819508656,12.25,Shale,0.6598945925868069,3866.9287035900525,43.52387208918297,4.816501112951854,Yes
1042.5406614143571,10.208123020774071,141.63377643735197,28.02824689216073,8.5,Sandstone,0.6179623880164157,1695.12382099973,50.09361009532256,10.988790405793248,Yes
4394.575893476736,15.730216353741353,149.2379498244648,33.83637335686325,12.25,Shale,0.8885000316547489,3063.391004084103,38.06649336838003,9.73506848800946,No
1151.0596918270164,15.320909582029316,78.74838510076661,27.66319284495571,12.25,Shale,0.7646855224073481,2559.8431397339536,42.30894320493922,10.7120103629169,Yes
4119.000897943249,13.916074265919294,91.98954036276555,38.91305390110019,17.5,Dolomite,0.8389970204973429,2891.5597955998396,51.29402796207421,4.140396917699658,No
2846.953881802049,12.500399715740219,120.22971269323801,29.988528175267003,12.25,Limestone,0.6131297541594956,2033.0354891503612,45.38241425553028,7.956934958135682,Yes
4475.376786417552,15.024768697357636,103.54222858745825,37.363051335378636,17.5,Sandstone,0.7700837572438964,3220.275998126629,57.92124035065002,2.9358913207242257,Yes
1258.287976573896,9.479892578675972,97.65505800405002,23.09961622037233,17.5,Dolomite,0.7194629892353985,3899.299222833349,52.11374897692433,4.02280767539376,No
2938.4899954046227,14.428823457061638,92.20301244020337,9.097254454365192,17.5,Sandstone,0.8315893303049651,2646.064685112289,46.932087765318,5.099022273372684,No
4392.558874666846,9.436156104751362,113.4402568749107,23.486220249805598,8.5,Dolomite,0.6115276936917176,2807.395693920568,56.60009269956625,9.408125915100232,No
2830.842454595521,14.45657996912054,111.80340857760737,9.440548982208266,17.5,Limestone,0.7205071705684842,2099.5291764222034,49.96669166366233,2.247143793884833,Yes
3202.895233473419,10.568256761885177,74.5312050657816,25.737271771174175,12.25,Dolomite,0.8397220258458589,3729.669959377703,49.41961420261297,11.031172828721365,Yes
3435.1204114461602,15.078179357636417,102.45658537665952,21.887257118468202,17.5,Sandstone,0.756809179391511,3927.9360128498956,37.39113999442882,2.708035137129217,Yes
2590.8937266872063,15.580315703690484,109.81245985888648,26.79013892414736,17.5,Shale,0.7650116222995812,3465.742212715136,41.84570896584633,5.764901953446271,Yes
3196.453280294222,9.615969770538367,111.32582448582514,5.351644336919106,17.5,Shale,0.6291494045897896,2856.93375539951,50.499109578120645,2.8108962832858415,No
3045.100091730851,11.970067037990452,78.90964736211166,11.819417207937743,8.5,Limestone,0.6396991668360273,3891.992061271577,56.75375134449473,9.689678431033737,Yes
4154.053036718462,15.857405336220138,126.80442530270581,22.19656511692458,12.25,Sandstone,0.8030998816097358,1884.625138418192,39.46642420934746,3.413149734027568,Yes
1159.0623311951026,12.125555769798599,62.267918533896264,38.26762465561972,8.5,Sandstone,0.8025139866869759,2696.227149738046,36.464568658289544,10.847569102624576,Yes
1983.3711635728062,14.976606418859088,91.93486699888464,18.426316412430545,12.25,Sandstone,0.893731018275682,2844.0142668160324,47.810879364475674,7.30221986591526,No
4326.440194267956,12.915486415984898,130.219138368207,19.853020911877213,8.5,Limestone,0.8135858964196652,2729.7910493809422,32.015912943081396,11.484728194553961,Yes
4115.9232436182065,11.314974309397014,110.75036289498621,30.014363115231777,12.25,Shale,0.7479730487800342,3506.045717946758,51.43625104350016,4.903609128081953,No
2594.7986347499955,10.643376666444027,83.50461892597743,26.132746505014133,8.5,Dolomite,0.8571983470600659,3176.00722754091,51.094156298624426,6.5431615187839105,No
3170.4640923053785,10.024173183145654,122.54578074087429,15.462415253441662,17.5,Limestone,0.6313418957447808,1816.6461647956542,40.64898092958465,8.942469623295779,No
1970.8341404339644,14.21348643533273,111.0651849740466,19.37857384485997,8.5,Dolomite,0.7347887462688764,2366.128268357651,56.78032960034705,10.319133125709605,Yes
1658.4240590331647,11.399053801172709,131.66192485107484,12.619492960003136,8.5,Shale,0.686132733278271,2347.692120967216,45.06543424617382,6.213570877456068,No
2622.9444172899375,12.334565966505634,126.1522667570841,38.8107510695573,17.5,Limestone,0.6313913420782876,2914.0804819823215,49.3729485207881,10.924325383271642,Yes
2236.732798091185,12.192441100008864,114.90971298326112,9.57220335450759,17.5,Shale,0.8290506254161099,2228.6460441447425,36.28735445815013,3.1798720832439527,No
3042.796391478052,12.829592719248485,103.93599077797326,18.01428745982468,12.25,Dolomite,0.7532376091496652,1793.1794238847765,42.5202100548,9.086847188100954,No
1272.0712293774468,14.991828592184142,71.98639131007711,5.9043640277003915,12.25,Sandstone,0.7670306159692473,3134.2066641428382,55.87252620809305,5.481989822136605,Yes
4410.381826831583,15.855545076875721,83.51997160968455,12.762282217674123,12.25,Sandstone,0.7233765563730987,3627.592346337556,36.388186428970286,3.0133548413259694,Yes
4451.737605678611,11.556881564303627,97.71895256253768,32.31648984330542,8.5,Dolomite,0.7381011694808206,3829.0202386648098,41.717231327774066,5.866645568020038,No
3443.565999069108,14.706391915797273,113.93693583057498,12.041133130110781,12.25,Sandstone,0.6348052161369009,3931.4460441486895,39.5422963328439,10.802156244855679,Yes
2876.337282204421,14.233958459910383,106.23370696937744,7.802219088513796,8.5,Dolomite,0.8018753472860929,3452.792115522535,34.533305545943406,11.8053387128864,Yes
2083.3466570021474,12.801467135916798,85.93660733635765,21.605861294558316,8.5,Limestone,0.7297342078815641,1849.2560707297553,38.691537543826065,5.927998571004826,No
3848.2825689743204,15.670353577089498,60.58179220107395,5.348923215708147,12.25,Limestone,0.845030271938875,3632.7795605918113,36.9831685072565,10.864163878063751,Yes
3396.5591039385777,10.00355886646302,104.66152997107326,7.966815404921661,12.25,Limestone,0.6588861600429228,2499.900183456185,57.70780891383982,7.096544162418782,No
1569.1592877071196,9.319481577322161,85.70633897060188,33.26690543470413,8.5,Sandstone,0.6615165280256508,3324.778284480909,52.23236413628388,9.170150376639414,No
4188.245145728449,14.904714752165667,126.11474706394816,32.001567070086224,17.5,Shale,0.7937278714592063,2828.1700124020895,39.48304745348473,2.453714222738232,Yes
3878.8803502310916,11.793623624753112,62.155163874343515,37.02985871417136,17.5,Sandstone,0.8538010270192191,3571.5153341219593,52.90017159728129,7.573119719840234,No
4324.2996965217335,14.852266406552953,112.63450301752118,34.908040256876234,8.5,Sandstone,0.7416593515854526,2563.7643320992215,30.66419859101614,2.7016193621099043,Yes
3540.01827935926,15.198176538965612,144.7326813755459,28.911144713393632,12.25,Shale,0.81808616061993,1654.484526850052,45.795741323134195,4.686179570937993,Yes
3146.9531857752645,8.968431952143035,75.69683404003496,6.8316500055231995,8.5,Shale,0.8997989764479257,2892.0592772061773,37.51003691204019,7.668143258686786,No
2463.850627017166,15.125985722395455,102.44845416755359,32.39970162953301,8.5,Shale,0.8970796919186785,1928.2263866691828,33.429662154255425,10.071637664216805,Yes
4264.5496917390465,11.862392915270666,68.22797926354244,34.592878379419616,12.25,Shale,0.82330105284651,3913.794080882307,56.51275585015466,7.608936438039106,No
4031.2236132514295,12.32824366753174,116.31137210352173,32.96787510201841,17.5,Sandstone,0.8218759469034747,2817.4076645637288,35.98021602787718,11.3619154111521,Yes
1158.265345371663,13.199443833199076,109.5478512536603,22.79676623578091,8.5,Dolomite,0.6742856661596717,2883.8969845931515,54.67173278838847,10.103325075758356,Yes
1092.284410740382,15.447869550475652,96.66289717915491,13.151564352731858,17.5,Limestone,0.8500618894631322,3768.1642820370444,42.396680324753135,3.562401461051026,No
2317.6217840731733,8.64337070822323,106.9239319326367,34.58654914910544,17.5,Dolomite,0.7215306381141362,3061.4631128779374,30.42872310122101,5.889584856279374,No
3836.9366577364153,12.076326012383628,140.6917192622109,30.450698340904847,12.25,Sandstone,0.8885981729600468,2256.823442974268,51.97598487903076,8.684854273067788,No
4455.466452602306,13.657915318229204,77.66648720799603,39.3266411036098,8.5,Shale,0.6244283066120806,2240.2365422834278,47.89079274658104,11.384060316092901,Yes
1526.4591188623485,13.920302182736712,62.03080605348125,10.449240921457651,8.5,Limestone,0.7307521106618178,2753.9466247661403,40.32515649503458,11.877158687446709,Yes
3079.457503732473,13.69399323652831,137.54983962291908,12.898260406821926,17.5,Limestone,0.7667521463050495,3666.5205723228974,38.4463780177879,9.631864379628071,No
2333.117998208575,9.508263470560914,111.94053741491157,12.412935245852594,17.5,Dolomite,0.7215468621258494,3486.8233518406964,32.21073757111304,7.737693055793639,No
4394.700392351111,10.74546691278761,140.15926099156582,32.73889186674678,12.25,Sandstone,0.663173757151483,3906.851465142112,58.24276784505817,9.56609689737992,No
3947.4162309749804,11.190366440627601,113.72507010718553,11.541755375754136,17.5,Sandstone,0.7778965466347529,1679.715307130509,44.81954654076257,4.732364194639477,No
3934.1504664889826,14.533279057596287,132.91449809637322,7.333094043815713,12.25,Sandstone,0.8267753743875412,2170.8151724108466,32.56573552728324,4.836030272596327,No
2640.4260592823957,10.590699043109147,98.67060270196332,39.949628230497005,8.5,Limestone,0.793451578806059,1700.519269534315,56.060391532334116,8.543493461623232,No
2451.8682581818284,10.080287229004023,127.48739381594419,5.86860240058022,12.25,Dolomite,0.6703346546424118,3377.6979847560906,38.3649951845345,10.718355763999103,Yes
1956.9247517574718,15.680860142785722,142.17373202008704,34.233542105560296,17.5,Limestone,0.8194823833105572,1852.084222875959,36.10808147203964,11.698094891763537,Yes
1197.3142382782448,8.566474638351016,111.49106673499857,17.78783945427285,8.5,Limestone,0.677069341813369,1749.7157949940167,38.42812315026656,5.413346008312183,No
4026.5283168926862,15.983656417614837,76.27066355061416,34.45654109152353,12.25,Shale,0.652560708877212,2904.180517748894,46.93714375821334,9.965536231013203,Yes
3845.1535319552713,13.576159741430466,84.19178535271783,24.411717192390075,8.5,Dolomite,0.8072004046316167,2528.7117802978964,32.221694534911094,10.515308052874937,Yes
4499.011856501457,14.713519745868378,77.87801192076653,36.55709303202261,12.25,Shale,0.8528361738341788,3287.7533469061677,44.45270727368029,8.231732430313928,No
4488.2289297586685,10.70964547259645,82.21713248361596,37.41675452451193,17.5,Sandstone,0.7444618343089724,2717.5384792506825,56.87230335372938,5.475918822297629,No
2944.010969609196,8.60736458250295,87.57739044159328,5.31843634482716,17.5,Limestone,0.7594175379415313,2563.336489851132,35.645147875383714,8.190885652738011,No
3691.455953131787,14.034021389211475,109.96204080778696,7.63942615974759,8.5,Dolomite,0.6908242711413697,2563.751121867427,39.935663164567316,7.844489043115128,Yes
4306.680054588498,14.756084477505068,112.91924665174494,13.762555534979942,8.5,Sandstone,0.7483854045330096,3679.6909509971365,41.883658951549585,8.065255057964908,Yes
3973.76586737094,14.053570989651394,98.38497725176751,28.42603957272256,8.5,Dolomite,0.6395948994037222,2488.064126806166,47.586621345817356,8.192602137877214,Yes
1865.7183561011918,9.57137715475629,115.38787018387518,36.08952687790271,12.25,Limestone,0.886749248904897,2333.492819424084,57.57762739578935,10.47058190871695,Yes
2576.9044735853277,14.150709416927267,67.34174330502293,21.097968295288698,17.5,Dolomite,0.840108196096979,2346.337692556823,41.83617624727276,3.7008151326733034,No
1452.0579530302325,14.266920865807307,67.90094133523439,26.244059069599288,8.5,Sandstone,0.8003919182466555,1991.5019920372256,32.07458522033291,5.672939476151681,No
4339.1785954055285,13.439053867525413,75.46465143218926,11.59749484784464,8.5,Shale,0.7614583115053208,3651.7221264349737,40.43852584292977,7.860017273507115,No
3121.61122057808,14.245869495966897,106.62697482363103,33.17383918585899,8.5,Limestone,0.8376507408683893,1866.577037568954,35.70256237799534,4.833277386116264,No
1800.2498192621197,14.844410797582992,79.25952108284822,38.85648389737144,12.25,Shale,0.7484271718757413,3771.5268444990134,49.5532343645731,11.781531220840392,Yes
3350.9523954204988,13.102030856780939,85.49559631433196,14.40096265201091,8.5,Limestone,0.6899921724463598,2208.6693047775157,30.877863275019966,4.631502596023292,Yes
3163.448841602635,9.164535354772593,96.02815525556946,22.31890830601912,8.5,Sandstone,0.6481122705500016,3748.567055434617,38.7578991321922,6.696288806423652,No
2253.569513114942,12.157208572504082,133.06795116093417,8.014063867723083,12.25,Limestone,0.7942756766405422,3477.051642036443,46.3552052169786,10.773650457130683,Yes
1397.4515726987015,9.082370010037039,61.24759223215741,24.569782976203893,12.25,Shale,0.8788277235079542,2954.9688023758968,38.320026181486625,2.8006366266022624,No
3350.5061845747987,11.55657273274323,118.44409382129601,22.59742046463382,8.5,Limestone,0.6460855660513053,3173.6750097964978,46.529858500357626,10.206880020942519,Yes
2821.076953163277,11.553298668442206,120.19888779366168,10.055276945427716,8.5,Sandstone,0.654005413515242,2314.610227062319,33.4413696656155,7.7100836897467,No
3703.114371074738,8.995073831051812,131.87902023209728,20.472317459132626,12.25,Limestone,0.7300818100228605,2935.571535819156,58.284164639688676,2.318020408196704,No
2820.5722538919767,11.116154004771095,143.9477645154282,16.69366282302971,17.5,Shale,0.8420698043759067,2231.0072518167426,38.7272042198966,11.029128919667691,Yes
3982.6352511148903,9.332485740934862,61.812406405436086,23.264080635681626,12.25,Sandstone,0.6881768186914514,2505.682034726154,57.6900251816965,2.3919683545574304,No
2931.6739357106994,14.561764075069167,73.84053349618945,25.497901740007972,17.5,Shale,0.6761738774010084,3411.656388073112,39.77506318512436,7.152177962712928,Yes
2963.282900373852,15.60766019473353,139.7554164650394,5.297345251252333,8.5,Limestone,0.7859898874388502,2109.8314095255405,53.45520573518964,2.490312463656811,Yes
4068.2876093042078,9.04237356443454,101.26667059683137,31.635209403234438,8.5,Dolomite,0.7606844345622996,3597.1150395938444,37.38562072383759,2.7120009847449813,No
2412.1900317433897,15.663364054687761,110.81315750401171,29.955500215160928,17.5,Shale,0.6180661093335709,2439.7071341624915,50.09306707168804,10.872043142578919,Yes
1469.0532995772426,12.419324495025588,119.67244833508326,17.82002351722828,12.25,Limestone,0.624446993192783,2830.424902140452,39.711486414683016,9.658255469624436,Yes
1100.7393670966865,10.746742584654054,121.11599440460736,6.852757744908639,8.5,Dolomite,0.7929038940554298,3854.901218907183,45.274773876289764,3.969411732448915,No
3642.9803948576664,9.076465564571226,143.85663629848574,31.422638892476762,17.5,Dolomite,0.7395370797443339,3203.139075467187,50.21442437291042,8.204679732142537,No
3171.083429737126,12.254682010528134,149.72544756705025,38.431130616734634,12.25,Sandstone,0.8912931574767441,3114.0102821115684,47.66647515608882,9.946795684312155,No
3464.2791883472823,14.458866583680615,124.81417148378462,13.405305860770497,17.5,Dolomite,0.8035594232190194,3279.019319012573,47.28841779851083,10.895906413668648,Yes
1745.3745652811876,13.803148579500236,85.84990882846357,16.323361480796326,12.25,Shale,0.6030220985979694,3795.2783469014034,31.97042506972852,6.683069268391463,Yes
1477.3001645536942,8.876695085979803,139.1777162064909,11.433451131863524,12.25,Shale,0.7443056339401386,2121.284273053777,37.47230496514776,10.974998774012041,Yes
1050.9063298375868,9.046763765259277,64.42988230866854,25.19276431706939,12.25,Dolomite,0.7243343805106438,3033.103014498346,47.15517869569625,7.078500727175616,No
2227.0564558230894,11.521549619744778,80.79727675870465,10.419448812660923,12.25,Limestone,0.6320141579981305,2500.9846359591306,30.54951621647175,8.882280421776912,No
3064.711903991216,10.714678705359574,140.76471457173434,17.466788021148282,17.5,Shale,0.876962650761657,1529.63823302561,37.51932765347939,11.790293594251391,Yes
2372.854157849063,10.242882422920358,83.05723629954194,29.395455487699202,17.5,Shale,0.8415033897245171,1813.252241015273,36.8755571829359,4.359517891945267,No
2531.1622270830517,10.607533741815352,79.85859536595737,24.604059405327195,17.5,Sandstone,0.6690257725260006,2312.479738158971,37.495683304825036,3.6852127608247813,No
4164.55543072812,14.526120574726635,72.43127638262226,18.526189751477734,17.5,Limestone,0.6767942276528991,2912.499927954789,46.068284986999615,5.420188249778702,Yes
2218.894134581551,15.469210402238904,137.3200581882225,19.708736063263967,17.5,Dolomite,0.6096054159958353,3703.6869417406792,47.458810620575775,3.6439902272030937,Yes
2798.963212059338,11.538270208956748,105.0052433271978,24.67388089181303,12.25,Limestone,0.6890152354737122,3477.7852955035987,57.26993983118434,4.841628057048742,No
3742.785544594001,15.295832515993727,120.74038827487394,5.205265476050646,8.5,Sandstone,0.775386602674006,2883.3341810569264,41.580931470786574,9.42985323370604,Yes
2387.8997381244453,10.911217759359115,81.51597456675267,7.747845395876345,8.5,Sandstone,0.7262530165160005,1684.676044768669,57.79736751429378,6.775240359212872,No
3177.303450797557,12.073277397578437,128.2236378910095,35.84403237170541,17.5,Limestone,0.8907766391159042,2214.765725987447,49.5586303495251,5.7504129449490184,No
4018.272980613608,10.195217483619999,128.40049904658886,7.725764618195177,17.5,Sandstone,0.6168240507791013,2416.77161973061,57.37981187701667,5.6872400527579305,No
4323.322182801747,13.30357031631883,88.13382224174701,29.738125867367682,8.5,Sandstone,0.7774290476697032,3054.2929630096064,55.00416305040145,3.945299749000532,No
1514.7571832516328,15.842358363811066,96.96143697092546,37.20133574381684,12.25,Sandstone,0.8574928321521145,1662.3090574496027,50.62747330223063,6.474114542869953,Yes
4243.05668806523,13.026198220325341,78.87212496871808,14.473926150560589,17.5,Limestone,0.7442222737229167,2825.4838862511833,40.683176985568785,8.246355586881762,No
2722.4070257783837,11.183605630851616,147.8904920990614,17.967200297083,12.25,Sandstone,0.6008888161681191,3753.661440361768,37.23331343055656,3.3915483451822377,Yes
1903.8553590463544,13.358630844928964,118.10423193525705,24.91224920456507,8.5,Dolomite,0.6728404499478825,3263.5817392435074,36.671743065360964,11.728128614702147,Yes
2606.9751468339146,9.421905088490407,144.10894926439641,35.85981393735047,8.5,Dolomite,0.6971306927003899,3492.6920164068906,58.56521512368844,6.432811764267336,No
4430.114013499169,15.16494310199049,87.30469892662198,37.96669555411471,17.5,Shale,0.8897983483672387,3204.1891208976836,58.75721529388075,11.479609167513948,Yes
2724.1633289750434,12.273129630848773,130.37018216972007,30.884713683894383,12.25,Dolomite,0.8735319845516099,2016.4727804314807,51.74494120572927,3.3465892662418524,No
2150.630636006279,11.870123065297316,128.92727794962678,8.031691629914292,17.5,Shale,0.8847511515322891,1776.2095501650465,56.51387952229432,9.672159531726802,No
3216.90299010854,12.893985913401394,122.24900866798873,28.420395443719777,8.5,Limestone,0.8477275372850905,3573.7266825122724,57.56988489237182,8.17638050543545,No
1840.5096657236759,13.185878970920518,146.90750777401203,19.360630265543172,12.25,Sandstone,0.7054943202341712,3238.761090038821,45.34668589557936,10.200641195433708,Yes
1265.5216483803238,9.038318546698848,95.4199802495684,21.474534982187155,17.5,Dolomite,0.8717629266288602,2937.6538970409206,48.871790718755165,8.006779229552052,No
1451.0790266872723,13.619629159175517,71.76455912307816,6.720193662081196,17.5,Shale,0.8945053517811147,1973.207162420615,42.56263493760644,11.628366332428062,Yes
1448.1604363522035,10.314487602366473,120.45379733196546,11.687174877122537,17.5,Limestone,0.7050213936824858,3008.3624132793834,42.554722928557894,8.269318309298576,No
1531.6594272930301,13.854644743799422,125.63788204294856,32.66797626367767,8.5,Shale,0.6781667897959347,1578.3044630553995,31.15286755933844,9.846041253444682,Yes
1485.8951042729354,14.669010957881476,111.75545161129332,20.888559156675093,17.5,Sandstone,0.7640748878346664,1797.0978359848987,43.014643814544165,10.775817725333674,Yes
3243.0616068112513,14.529688806643902,78.61361038200566,15.558178457090209,12.25,Dolomite,0.656145657779679,2279.725374511061,50.204694345395495,9.145834712104602,Yes
1636.580295397007,12.64375725555917,105.40103475024199,18.440667588773536,17.5,Limestone,0.609787266421914,2609.345693527911,42.65946498319713,7.242366565631603,Yes
2209.835491633521,12.401274192330634,88.09707629122164,34.90398296639881,8.5,Shale,0.883749351334761,1801.411239555001,56.172290306308696,4.728170787634204,No
4138.759434671041,9.571569710045587,98.47198753500201,31.21496560917349,17.5,Limestone,0.8777221897324258,1799.8504596438395,39.97688857221054,10.544926133956693,Yes
2658.865740920053,14.315096128023516,118.06967182601974,14.531038901337897,8.5,Shale,0.6487961561286363,3314.734151459089,33.98046139682548,6.805782526886784,Yes
3336.452084823595,10.535570353350359,127.06932684217512,9.112564407433066,8.5,Shale,0.7223220740789158,2924.2985163337144,54.34676072187178,8.20708226335059,No
1603.1195492057045,12.225215671134599,80.90022218112088,13.81993775754251,12.25,Sandstone,0.8493108939818057,2834.354951944162,50.21843754985776,2.7922653788091982,No
1673.0115658303478,10.632055696956375,96.47928245822581,37.22647578691568,12.25,Sandstone,0.7983000896462559,2631.0862377938747,37.254584469617456,6.973513231268498,No
1143.040156932676,9.5037127224977,84.22454138924662,25.355609324741437,17.5,Shale,0.7184362527512141,3941.3577658614095,46.093537681266994,8.98157644019845,No
1591.2727207525759,13.221682726688023,77.87684524756821,23.6718073060674,8.5,Dolomite,0.8232512991548457,1624.500707235942,42.055570157813776,7.8407190993377,No
1975.0661866118553,8.907490261171779,130.50484979962545,25.873775989236155,8.5,Limestone,0.8691142164630573,1951.5679404039436,58.16579329306973,6.48554856045705,No
1619.5366949686138,14.1148392559465,141.8327424993293,17.810989301128032,12.25,Limestone,0.8778474991577605,3118.7693935030934,48.21996272761887,4.234273167496692,No
1310.4588681496946,10.881900964458374,93.32089671161191,33.24874571118295,12.25,Sandstone,0.7136548835766567,1840.9141346281033,34.75167783560975,5.096702000901596,No
1422.2255488521027,8.50101019753364,127.61510319363902,23.315018725508743,17.5,Dolomite,0.6520682040218456,2973.4523450229344,45.06445357910955,9.00624358162301,No
2612.7256881145404,12.333468544279224,140.729576042797,9.086176596907844,8.5,Shale,0.8738516574581925,2919.4030637027,55.876704975715526,4.241906988393989,No
1722.1680144202737,8.851389313957023,136.15117894772084,9.517279369017203,12.25,Sandstone,0.6277666337583084,3927.512959099105,50.14490010097385,8.217266153088818,No
2274.9445136682643,10.571271683656747,76.45320496853033,23.79007012759164,17.5,Shale,0.8165065173684491,3708.4662176225556,55.27356228295969,7.897376125562031,No
2761.960447991999,13.80232365591787,146.06626933620254,37.77995763247937,8.5,Shale,0.6421491944582405,3863.8833594186317,37.51197941596921,11.704174793868637,Yes
3416.3819002027785,8.970172162163994,93.90087963865162,15.792324258666955,8.5,Sandstone,0.7168160564003077,1784.005923684949,56.65054131142625,2.607818424846699,No
1137.5924894438463,14.795038692670017,90.53165950564527,35.433940910072636,12.25,Dolomite,0.7234667239635082,3670.371093135472,52.66833995472516,3.081226072960615,Yes
3797.9363961816493,8.528649419939374,65.61881945500024,31.743345530260775,17.5,Limestone,0.647627374533625,1822.726654320765,51.86741266314236,7.06083465645757,No
3197.6513632181773,10.351179019014268,103.75562886943948,13.67343550174174,12.25,Sandstone,0.8768044302019836,3082.3304463599725,40.396232092905734,7.271098253536346,No
1286.1566118210517,14.056780421140536,69.81122540768358,6.271926191068486,17.5,Dolomite,0.6008004504027858,3300.195401695006,56.629741912815845,2.3992765880517126,Yes
4057.52518437372,10.872026122969801,82.36858388346835,8.564654279983396,8.5,Shale,0.8681425629649893,1902.1337453732147,49.13938132179649,10.258554208594521,Yes
4223.053401861346,9.264192910495101,88.52483595905532,30.497287684660407,17.5,Sandstone,0.8651487970426457,3081.648439823849,55.555184305884076,6.9472349810289575,No
1213.7728594920231,11.20175439100321,132.79436911425157,11.988440831422635,17.5,Limestone,0.6950890961094005,1631.1512322799852,40.82914367958816,5.466437466405288,No
1969.071768515213,10.527949647883942,138.79397853563069,17.994482217688784,17.5,Limestone,0.8112852809637827,2233.1652143570755,34.36956273193069,5.188537706148758,No
3821.7044792757147,14.820339266204162,87.22196857153227,22.55947081022487,17.5,Shale,0.6758426733894947,3802.8962348352916,39.97011540660967,10.614071815541813,Yes
3618.9089163428043,10.850109381888574,137.28283091201166,30.3913858957557,17.5,Sandstone,0.8276320686761816,1929.327907254673,43.65793042125547,3.967328664281803,No
1645.8235677473208,14.416993538320053,137.1507843632812,8.963092814069388,12.25,Limestone,0.768335922536323,1663.1749811258187,46.00222125436477,3.6041770543260925,Yes
1732.722631678486,15.189041086080511,128.8185855346386,19.22282418471115,17.5,Sandstone,0.6900676362742975,2609.1954991386483,45.324276471346124,4.1317852922328315,Yes
2296.652359769837,11.753630646823972,73.20256026136634,21.97755181999434,17.5,Limestone,0.7200704260912963,3626.545521318179,46.381637773096934,8.250225476519637,No
2695.8304481685745,15.324573578907941,122.12905622106561,23.92894723900389,8.5,Shale,0.8069666196715211,1691.6809549207248,55.25117295668842,10.109308556284091,Yes
3163.891700356036,11.329885404723946,145.0521658122512,33.64262244883258,17.5,Shale,0.8718292348931349,2388.8384130760214,35.103037385645095,5.309786937881796,No
2291.1977384942033,15.730588123675812,121.42864308904413,11.008736826512592,8.5,Sandstone,0.6392179549701824,3749.4370863983154,39.48153885506613,3.734619981148129,Yes
2618.8715064660173,9.169671433941797,89.84551641970506,33.27410081393178,12.25,Dolomite,0.7714091909007471,1795.3888748611357,56.65825471306354,4.091941676286205,No
3616.148283468148,13.652644498774322,105.05213856877481,29.250744969382826,12.25,Dolomite,0.6761187598371352,2276.6712647798668,46.81374613674991,8.19183778517851,Yes
1128.3912101170927,12.203605303426965,118.11525390159483,24.455478496963575,17.5,Shale,0.8404116749626378,3446.05152883926,47.50169611108716,4.460352262142299,No
1883.5293052040727,11.407366040917353,105.95133678556533,29.483475464090017,12.25,Limestone,0.6210711917608444,2858.027467847011,44.341876338418565,10.772802313513669,Yes
3496.7235505959334,13.245339090614507,70.79576475578729,19.420620863307974,17.5,Dolomite,0.806686737051351,3580.8328515839576,46.469239049584175,3.0389135441431394,No
4133.223931905198,13.778928187257485,88.08576401868186,9.84391550888436,12.25,Shale,0.6524838041073089,1778.988482621996,35.94239191680303,2.323685340055202,Yes
2790.871047404831,8.532724522377318,132.21564274982694,28.301783409287857,17.5,Limestone,0.7789156255209688,3801.385428449307,46.40600698254384,2.8837824596090393,No
2862.3971984286045,9.752148165603991,137.52762414859657,23.36353073399678,17.5,Limestone,0.8507077761578077,3837.279486288022,59.915193837333504,10.456431203863204,Yes
1375.102039689216,13.847845379757391,72.35700294440132,27.378118018997142,8.5,Dolomite,0.826524198636504,1888.282550366766,46.98142718772553,8.51229519665661,No
2565.9432838820912,13.497890601836549,145.71480771588523,16.82995733599715,8.5,Shale,0.8258828663050912,1584.6886610168751,31.33207396818091,11.577446331172503,Yes
2864.160432592581,15.745356288465079,89.59403560637483,36.74033020689426,8.5,Limestone,0.7553535936560716,3974.603454888922,53.89306933051979,5.3629654126975765,Yes
1848.6467627215538,14.207783426880873,119.60823648576479,25.557945400145194,8.5,Limestone,0.8672236775549165,2705.628980756061,41.89426286170163,4.126781280096994,No
1942.3513083228333,15.630795307985036,127.6642631361013,7.9890869501805835,17.5,Sandstone,0.7764315594725993,2930.1885100885784,34.61028445504685,7.6197523931374915,Yes
2320.494570866179,13.769053761511053,133.0751611174095,20.743139674655005,12.25,Sandstone,0.8752553905648712,3039.7618341664406,55.87559418680074,7.378282791267486,No
1070.2491922220422,10.735391564795824,145.1174732003337,31.4724619160272,17.5,Dolomite,0.7639567373497252,3474.1711569512568,35.939197666049026,7.910239881953218,No
2127.2770795411243,9.290236916881424,88.16275932259404,32.794709660629536,8.5,Sandstone,0.7517896689060009,3529.9699226147945,57.623021695755995,5.475338626603488,No
1740.0680244879063,14.363678975087016,137.2655809096399,22.310896846731556,8.5,Shale,0.6667059057630943,1984.8130607994347,43.253894713278164,2.0589694003678676,Yes
2146.240732622701,13.33111916106937,71.85182130925864,36.31616497909554,12.25,Dolomite,0.7634359962090616,2091.5918515838166,52.283725042491,2.350316529406168,No
1419.1674613673792,8.861395092949722,123.45368157182335,14.368395301800415,8.5,Dolomite,0.6421754493746691,3692.08257236593,46.409875510155615,8.638264614225129,No
4116.845482589632,11.200378494257338,126.77799565625872,19.370954403339333,17.5,Sandstone,0.8609070603778637,3548.794011876466,37.69880411745684,7.232580481554814,No
3077.5735874391703,15.675998616132146,120.99509170811885,36.45089186991395,17.5,Limestone,0.802767566612488,3044.0484538848887,50.13270523487756,10.210112596512735,Yes
3376.8581170057137,12.25300859282651,82.70832625216377,36.36898507650526,17.5,Shale,0.8980906345478826,3986.7478978121244,58.73737652670444,5.004098587867969,No
3762.099335125684,11.745468520147785,138.5738832313683,28.999946908863834,17.5,Shale,0.627629228337157,3337.959858878309,53.08910900374237,10.15472237231175,Yes
2744.5476962517005,11.932747038694705,75.19726170333556,35.06431914927771,17.5,Shale,0.672201824953586,2039.5919203256221,48.12053989725534,6.254914134515433,No
1304.2210083059829,10.066620430038729,64.82713123687478,8.107064343468142,12.25,Dolomite,0.8631475812798418,3616.610160831696,59.7188432479757,2.9669838554633725,No
2879.8728963649173,11.265303781485965,124.5718491550721,35.27482416727217,17.5,Shale,0.7185762299306753,2536.83159092535,37.95980002028054,11.779115625906943,Yes
3053.943913073077,11.273599419903825,102.79281437094603,16.221696729257935,8.5,Limestone,0.7398908969945692,1590.3816513532229,31.87024463728342,7.119359291455199,No
3609.038159645155,8.892662651406043,136.41882179628084,11.241602934987572,8.5,Limestone,0.858195566216285,2303.553194529177,30.96392598347793,8.294785139623464,No
2510.808411803878,14.256757213884388,94.5057426952433,13.377944271971622,8.5,Sandstone,0.7565469674849856,3408.8780851484635,51.32063638676395,8.70797186489568,Yes
1446.5310597844732,11.623783239279092,75.14507296569415,19.62889778048605,8.5,Shale,0.6580427548243104,3900.515517966183,54.90697094202512,5.624122522268807,No
1993.2156702955358,14.666349151123175,135.2797973222883,13.791720161156352,12.25,Dolomite,0.8676090346229344,2190.3410407579845,49.0530161245358,9.475283198621373,No
2270.788037395223,14.877610008399216,109.40186684760644,16.219865510577467,8.5,Sandstone,0.60931849692691,2116.290811024288,57.150797923295954,10.70266465351017,Yes
3260.7103446606043,10.089955410239936,77.02762131513194,9.724247012507472,12.25,Limestone,0.868618880293033,2909.0414639957503,50.93928142019762,5.871869764138588,No
2997.7240663411917,13.430151116275965,124.83455987278012,15.366186794564948,8.5,Shale,0.6151560680017004,3529.209749156117,41.128639392270614,8.570008866315483,Yes
2246.338540642462,12.042113531222363,106.00022746405506,25.02993350897004,12.25,Limestone,0.7997548093800384,3366.3142054023665,35.437748748896446,9.571238239772095,No
4452.803370775429,15.101175534411137,114.38816840162877,20.464879783187236,12.25,Sandstone,0.6215038139026003,2899.8972564070414,57.73942435677469,3.901258976890813,Yes
3120.211867749105,10.118055093823406,101.48085043859237,17.13515664325689,12.25,Limestone,0.8118638957895197,3078.474204036196,33.107914499924384,5.325960843959674,No
1830.2937710759807,13.583599002325332,134.5838085436206,31.12582450999899,8.5,Shale,0.6101913963998853,2105.24739331586,46.28965211239216,3.0879584638095485,Yes
1356.2386541714131,13.058140916895418,134.6606444114745,36.27284899876612,12.25,Shale,0.8527373183132363,2581.4356625083765,39.420237758205346,8.022084642482035,No
1535.006987145162,10.714761081788746,123.84499396419477,31.487622801583896,17.5,Sandstone,0.7397831852789954,2138.4140663007497,38.142450225590174,10.009376958208561,Yes
1860.8520493457786,9.524506777383795,69.4861239656816,16.620024574118773,17.5,Shale,0.6280361738006633,3711.044937111594,49.375045557506894,8.108386565849337,No
1562.384806408445,13.387298203579574,135.4968475713662,31.05547587431438,8.5,Limestone,0.8120458335030432,1781.3862684137894,36.937108121731086,3.79783830977044,No
1652.9845841795702,14.03948093599248,120.39116824796189,10.319306386591792,17.5,Limestone,0.7467870472511288,3199.3513946409266,57.49095320227187,7.463684910261374,Yes
1997.8330904284649,10.867205078225124,122.73217494038695,9.561129583195182,17.5,Dolomite,0.6572846576626329,2150.7079929125584,42.18131727297372,10.349341485264096,Yes
1606.8075835316417,13.336244530167352,92.66845563634845,17.096946296265564,17.5,Dolomite,0.6047017121666177,2688.9435242961663,50.32126040189037,5.027247960782191,Yes
4138.678986192488,11.463481807086275,139.1351600541306,33.26958291654199,8.5,Dolomite,0.7253994779176611,2248.531950616582,51.83267151985754,10.326515022526404,Yes
1280.8181098157477,13.849051624619634,125.28344402113717,13.622188653480565,8.5,Limestone,0.6256887692185606,2308.1132926486794,50.48825083875991,9.84623283769988,Yes
2835.789863495891,9.994114561705398,70.1331419876275,7.213869311453785,17.5,Limestone,0.6282509094741712,2150.9825340275547,57.102007226790704,2.2174080783667485,No
2436.3888944638156,15.176612519771307,96.70002309655465,9.609833732222429,8.5,Sandstone,0.6801988645088031,3381.9823029885965,36.933925908179944,4.3945481408550195,Yes
4438.325159180122,10.655571973491849,139.77423257641277,35.0560738985353,12.25,Dolomite,0.7891374891727273,2414.2896429476177,32.58163634058304,7.429424057977258,No
1392.1361575881833,11.258394908171146,64.2477031527641,27.18241496615507,17.5,Limestone,0.7589731825682847,3315.892544285207,31.66397091795148,9.176173700192592,No
2392.494596660096,8.935689640602623,146.52749576778444,13.862040717949183,8.5,Sandstone,0.6206961924776042,2640.174825260032,56.33532451425074,10.805305256528293,Yes
4393.146516463791,9.336341592409573,121.12463114876064,24.435353886486347,8.5,Limestone,0.890529382767741,2868.1151052507184,59.19861149817547,8.410423182678944,No
4029.274940628931,12.368964270342461,116.82383798790389,23.465286784887265,17.5,Sandstone,0.8661506064883773,2858.218689283718,39.07579623614138,5.803441712495391,No
3859.7522483224798,10.506945075459786,84.35033308391922,27.940259245423142,8.5,Dolomite,0.6777676461435475,3939.630198358972,50.80541770724908,3.8462720673731536,No
1902.6598946572894,14.766101693066457,82.39126098652594,13.161564404756572,17.5,Dolomite,0.6367015727886424,2417.656139277378,30.267383525152468,9.600358554624314,Yes
1598.1065558652303,8.610200414912153,144.7852397539736,35.25410455180392,8.5,Dolomite,0.8827208594270971,2019.210238493994,35.65894530347963,4.0678155932412015,No
3340.2512697355082,11.343205365039521,86.84452088107105,15.827899672800449,12.25,Limestone,0.73834253336421,3779.4798509165053,50.678231473848435,8.954305214682499,No
4252.8159619465505,11.030091600768195,129.79547670470993,29.29460788916829,17.5,Limestone,0.6933500894314307,1937.0982232889332,31.976614179456984,3.8121161737120737,No
2948.670125548754,8.644957231882008,95.38096183863712,5.564362623027521,12.25,Sandstone,0.7471074105495562,3586.057114610862,44.05530149759473,2.9105385030946445,No
3000.6444131446497,9.432762992503827,72.53286637062335,18.042999546295153,17.5,Shale,0.8318232433639237,1875.5372386673143,49.87749793121847,4.511002237065345,No
1979.9268278109946,11.602320061889765,60.96437679258231,17.30984362855829,8.5,Shale,0.6505155894909164,3146.810835568516,52.978745139165525,4.849298055251142,No
3693.2252661717794,12.19648438335585,108.98316033137257,24.02195500040551,12.25,Dolomite,0.8302487500527922,1876.3520331613402,43.614477411731116,8.4720913449491,No
1654.6531199513317,11.532173104411518,147.82009366940395,7.545769162201878,8.5,Shale,0.8248340363801596,3807.7145480985737,48.90852118489029,3.608833677420589,No
2132.877327414853,12.482032588090703,93.22225744282841,32.65459808041379,17.5,Dolomite,0.7618044614522639,2912.520706632078,46.18726888686184,11.30306912986888,Yes
2489.0275351574587,12.963487561792611,92.14731005937404,12.622328061864899,17.5,Sandstone,0.8597526866248746,2323.184597850219,31.569173162499634,7.543616863422734,No
2776.6363253955924,8.574428658458768,90.96824560644978,28.696323520870358,17.5,Shale,0.6396430134509582,1850.8069374089873,52.284140617795394,6.909317308164654,No
1848.4340634527807,11.98071369590128,106.84894535743726,33.11242431354326,17.5,Shale,0.7786437019997019,2427.980590364985,35.17085747656125,6.346945143083677,No
1401.9288865872124,15.726244306656913,99.65983950818642,24.66569346845296,17.5,Dolomite,0.7348029157505465,3262.550087172029,30.95416593701524,7.666013469501911,Yes
3137.1701485457143,12.392742100971615,139.1923164054313,30.930912235269492,12.25,Sandstone,0.7266876338507495,2462.3772098213676,43.53503748865117,2.2244696716178227,No
2010.2069363408953,13.581567005942148,105.49687125511413,28.165110927525195,17.5,Shale,0.6757683213808576,2115.23534023861,55.96912761844531,11.900863745790824,Yes
3034.333774979143,10.838978934376623,105.6982054369712,17.443542900320267,8.5,Shale,0.7116838970429724,2943.5236207345433,34.52488312983086,7.57524376194266,No
1540.2695034597082,14.304935336145718,72.45344352485009,33.31004886617478,12.25,Shale,0.6324452268070997,2544.554632092799,30.38572602350925,2.3519500214017777,Yes
2683.9903564918613,14.296911114070863,148.44655868193473,15.314547945993478,8.5,Sandstone,0.6754796909294476,1914.5155900757309,33.299377072962514,7.899776046995998,Yes
2864.0630139305504,12.409720357406043,82.49756017819468,24.9924521213031,17.5,Sandstone,0.6815895323334248,1884.969975693642,40.9097734299482,6.370787582896788,No
1181.3823788784941,15.820103674594101,66.60276607136424,31.08892086995388,8.5,Shale,0.8162003602380419,3268.6549755546366,47.405156099739116,2.2403769666640887,Yes
2178.114973678722,9.4416266107199,119.68316240776879,18.263456843437766,12.25,Dolomite,0.614565128162659,3936.6797387906413,35.79036401957678,11.24428752157473,Yes
1470.4513692864098,8.627107486671857,113.58297331411853,15.596866266609876,12.25,Dolomite,0.7953576924452582,2082.735177155141,54.05892015067712,2.1056687207381337,No
1221.812396654687,14.27618658817822,97.36310885934711,21.077110356048795,12.25,Shale,0.6664229729379569,3432.871502078725,52.59891361647246,7.778716768778214,Yes
4464.860813364809,14.553666530236619,97.99730104926103,33.628722302220375,8.5,Sandstone,0.6245584517748881,1719.016756126163,50.87590849796098,11.61790747626224,Yes
2128.2384574115304,9.401554218404321,130.65575289417882,37.54726171009827,12.25,Shale,0.6902418483256302,2453.9397976304544,44.62409424946632,4.37604496983026,No
3834.560560491222,10.491871247189545,77.61413760896842,24.077919450096154,8.5,Sandstone,0.6673418608285808,2766.7203820206423,40.95650865401956,4.541790742435967,No
1891.2422916731734,8.631642725249717,133.82279870504007,28.151317186327816,17.5,Shale,0.765609712751955,2171.867363224421,41.26759862894433,2.0042312856015236,No
3385.259527783752,10.699814580854236,118.38724025055163,36.61457677836199,17.5,Sandstone,0.7072129210343887,2823.946041285626,45.092116048672,2.663511719879809,No
3660.797509613903,14.298564054390036,97.7072796401572,8.449139799452983,8.5,Limestone,0.8897981227224978,3706.536069159636,32.31944060647964,2.4488841157708814,No
3084.7355921274548,12.384703957844343,101.22257549254817,13.122750225315777,12.25,Dolomite,0.8890648798172551,3861.0949058874835,50.469163886011835,10.226562836884256,Yes
2650.5166599255544,11.11071694876216,83.09824864674863,29.811500218805385,8.5,Limestone,0.7331145807360718,1751.3923859326237,40.54522632027906,10.36737569944919,Yes
2441.44319951544,11.288044711797477,127.69028994272773,33.83105616693049,8.5,Dolomite,0.8385262381980779,2179.6148349605055,36.74276333816066,9.267000841845228,No
2221.038932900484,8.51015219286601,106.1587268074741,34.99601599157023,8.5,Sandstone,0.6039805622582625,3947.834793794312,38.349812114959164,5.527450125170921,No
4253.352004867391,10.748503956739269,88.87690884748592,19.52875118992264,17.5,Limestone,0.7643434754174407,2176.0460260056093,35.408828558586535,10.212544498888422,Yes
3907.167927257052,13.348440562284479,113.64451041848552,8.12689658021534,8.5,Dolomite,0.8229897516920938,3231.7683778586024,57.04704256583366,7.39774520242882,No
4377.594187332794,15.806458328622679,149.61610068461908,20.322351705486696,17.5,Shale,0.6650829676222008,2133.6342346759116,35.07112549087653,5.043102764799233,Yes
1435.0402821994066,14.852956202379247,99.17360516908985,13.075710657246882,8.5,Sandstone,0.6183515265497831,2390.9139833025956,56.48778356684588,6.372767691143904,Yes
3558.0361632127547,8.676962234841469,142.86222607007576,15.191875924881845,17.5,Sandstone,0.6467756807719367,1978.1974697422436,47.16730187905354,2.657677698345757,No
4284.191598873633,15.239204535061294,91.05151559321095,32.0293644893127,8.5,Shale,0.732554426152157,3640.750484242863,56.02352866166581,11.449086867499137,Yes
1634.3157315798105,14.373988099739694,64.92594362324873,7.64344801090604,8.5,Shale,0.7519114262268786,3706.62190954876,44.221926507165364,8.191164173518402,Yes
1232.7369357837213,14.352820926782353,78.3817895731586,33.965342611824575,12.25,Dolomite,0.7142655366326305,2242.281269788579,57.82901158443221,9.312341449305729,Yes
3593.9222725152067,11.934968192526785,97.68256289949159,19.96841800384592,12.25,Sandstone,0.731992130112714,3558.974560426575,36.3447223082505,8.765833704198766,No
3010.6558961296914,11.485039697158772,79.76714357351122,25.862237588520827,8.5,Dolomite,0.7410704878827844,2395.60412509246,46.64075258541824,8.677499845209807,No
3946.400718653952,10.771867966248944,60.020433439643,8.137828093248764,8.5,Shale,0.8308309984803288,1747.5485572378957,33.775160715410074,2.172609854972401,No
1489.2033181920133,8.992711442157743,142.35013839727745,16.807567742504787,8.5,Sandstone,0.6315725694232956,3395.1909932301833,43.416608556070926,7.253712797848467,No
3783.4355915096157,10.211765226202743,135.9491470107836,8.139532165519602,8.5,Shale,0.8306851401478188,2991.115622247112,47.09711089940527,10.217102286255342,Yes
1705.695620167106,10.349527262335185,126.80630083382525,38.65403030083883,12.25,Dolomite,0.8065881906884995,2185.956109176876,48.17025666519516,2.4451885141159995,No
1572.795800029966,12.130578022826512,75.10331360814257,33.25415772641877,17.5,Dolomite,0.8224982428428954,2132.4993512796177,40.96586390721838,11.561656838882707,Yes
1574.9302927584754,14.105833049475205,70.83272185889875,21.087146402476108,8.5,Dolomite,0.8203405157625969,3939.0584262058032,32.29006926499358,6.241596830059891,No
3851.0115208098373,12.0535737129846,66.08442745251449,12.826089191328489,12.25,Sandstone,0.7411775447405351,3656.2526022327283,49.65978214147958,4.898954920513712,No
3328.1902724367005,8.933833370853705,125.16262698956291,37.670928683744826,8.5,Shale,0.66342005536827,3524.4958234344117,44.65295581359833,7.3182136164194285,No
2830.7289866919177,15.68342350741153,143.59271646190967,17.06088085044401,8.5,Shale,0.7609886712905412,1820.0442716041641,34.106365999117706,10.012141878430363,Yes
2255.9066944322585,15.570432393205841,98.74822388217333,10.634455109058116,17.5,Dolomite,0.88739461608273,3387.968185620651,58.07627908218299,6.747550617686375,No
4070.201892845879,14.388921573613063,70.72266047964433,24.71075359588842,8.5,Dolomite,0.7765577044180091,2036.3505530082164,58.6700598655033,8.451056765863918,Yes
2373.557875979224,15.934959261731654,106.11535386588959,38.032094212068564,8.5,Dolomite,0.6033141435638333,3943.472358020602,55.69818839494107,6.999143878668599,Yes
3858.0980381505196,12.583617496001972,91.39487167127672,5.13406016751129,17.5,Dolomite,0.6179132714629172,1630.2229699056443,55.31604901552792,8.31272256641159,Yes
2536.9721799957642,15.720762626899045,93.73424319149979,13.334369513889955,17.5,Limestone,0.8978590300810657,2380.346208900609,32.96013827604168,3.3803091519663657,No
2319.3055029871766,9.067037804625631,115.91975617401366,37.845667414364264,17.5,Limestone,0.6215839077718321,2571.619601946788,59.802603287477034,2.3866338617809992,No
2619.3792498436223,11.242605611960284,124.68463019359821,10.98800884000067,17.5,Limestone,0.6138135480134695,3560.507278905636,42.01142039591195,3.3690140569739273,Yes
2054.822559574497,10.190359510050744,69.95432389858448,8.963520807393696,12.25,Dolomite,0.7059072808075966,3415.5570450101154,34.893633476013406,4.858381446639288,No
3616.632830616879,9.968748131007025,63.20312077258288,24.956552552993156,12.25,Dolomite,0.890795160980801,2437.480362366474,54.36305184651663,4.533560624481068,No
2759.521365323677,9.55602211669507,149.48972724171432,35.16453381531905,12.25,Shale,0.6956025461198597,2913.9007336451023,36.77192305389173,8.151753496606469,No
1812.7444330138605,13.168102311744974,80.94555140239967,21.698843619287416,8.5,Sandstone,0.7229652392625812,3588.987909019326,45.78525962008774,6.55889424134241,No
4148.51100646099,14.359913918104787,64.84474724176131,39.809748983958364,17.5,Shale,0.7902231183625696,1545.4989803776318,33.84048195610309,2.38811981026847,No
2343.61927480624,12.837237995652705,77.0887796186328,28.77100948382975,17.5,Limestone,0.6072335517979194,3505.44524881118,44.239371698276656,2.3486590631702557,Yes
2902.4350138989603,9.602220321911572,63.50620617136178,7.592621752365671,12.25,Shale,0.8693290732557564,3867.240063355105,46.74424480208827,2.9058800212066576,No
4172.652388375915,14.583428274501031,95.26298051554545,39.74912460886914,8.5,Dolomite,0.7558329052663296,1580.161303710428,43.37771879854028,5.53081157400866,Yes
3184.832985698972,13.269660303727964,132.2161606006192,19.276298287306666,8.5,Limestone,0.7400432718012173,1613.9524676954566,32.08460474257959,2.0618295096372945,No
1409.1431424792743,11.411242795952466,90.71200047819485,15.059088684591888,8.5,Limestone,0.8582179986619891,2361.28501391505,44.5481709174829,6.9398726543014035,No
4289.412432647163,13.555977216520471,99.976506619053,24.525771425225994,12.25,Sandstone,0.8859229768074064,1719.4239094191862,44.06828530322447,5.606696643093027,No
3196.9781857499624,10.449287344321247,120.80280962106949,15.650765713730252,8.5,Sandstone,0.7270275694940505,2698.1902007347207,37.84860831872022,7.554413024408263,No
2172.1696512998014,11.088941563706578,105.80046630628922,8.026012749205332,8.5,Limestone,0.6517323237879692,3321.776712724447,57.648047989723096,9.208252280828008,No
1487.4522543218554,15.381143823489927,137.5301117419192,5.049992007771185,8.5,Limestone,0.8447127810006219,2917.2480875795445,42.53376998094768,4.509728154798544,No
3779.0881624460358,10.678783792535652,137.94321075411807,20.735417352209183,17.5,Shale,0.7209781263667462,1991.079772681851,55.92347388589155,3.570836476289097,No
3170.2546457497974,12.024912011184524,60.891962594203825,34.29021977793073,12.25,Limestone,0.8806636618535298,3137.028250075894,33.289914889003256,4.780535559633876,No
2867.1138219171253,15.17605853047011,130.02416758348792,25.03103149705268,17.5,Dolomite,0.8849696951492949,3212.1361979472895,39.56631852618544,2.017631819519055,No
4128.624040678352,13.807910127006455,101.46602402175066,39.97225546302043,17.5,Shale,0.6344487095164109,3831.1148892125366,35.2899256130412,3.2001295552578073,Yes
3760.0902392858575,8.966524196235271,148.9956487173297,15.039632597651998,12.25,Dolomite,0.8869661901998553,1866.9922434426226,42.25232363544578,9.508303636863344,No
1530.8620790646291,9.604772832092278,103.49088682878917,14.815927266601937,17.5,Dolomite,0.7104810976335363,3230.8404122743086,33.34910061512636,4.228068424002851,No
2091.027237284419,8.558811930789377,148.8206350849468,10.591231108188047,8.5,Dolomite,0.7938757552971571,3778.5680471328687,43.231044175368616,11.942996338040386,Yes
1869.7119893506301,13.231913426718727,127.9112425085163,10.74222558928673,8.5,Limestone,0.6104250245202137,2753.910383301585,40.61612230344709,3.6783152136480917,Yes
3603.8120240043695,11.857550690578137,82.37443961519757,14.981530860351674,8.5,Sandstone,0.8666652822251498,2404.499199657641,36.69945141822016,9.887717155654935,No
1117.3635215752279,9.507061381767066,108.45554813582619,32.74940158457345,8.5,Sandstone,0.7924791988034595,1926.8737355528956,49.265382358509456,9.050444718255346,No
2994.6138970496077,15.684505907925779,149.29220755307244,36.701487672275675,12.25,Dolomite,0.7930663400869258,3666.967216224394,58.52734464443496,5.221321428163076,Yes
3668.605400092417,12.47244792959215,137.17775469767315,39.12805093976885,17.5,Limestone,0.8706528479932452,2485.615937101486,36.21340420648761,5.307391435659652,No
4068.679728666123,10.314199705846669,68.7630204412099,13.130137893375842,17.5,Shale,0.7525041524722029,3812.206108169231,51.35372519695351,7.635515809671046,No
2197.286120505676,12.254526783660307,123.57347971289965,35.84541409649321,8.5,Dolomite,0.7231549921087652,3619.3957453269404,52.27142667770229,10.523740974825584,Yes
3874.400566352045,13.597152495513308,91.10216272837317,16.488928124706796,8.5,Shale,0.8598386256876949,2441.599629492989,44.943615492775876,5.861869441194644,No
1387.2110793432253,9.071794134801733,60.62840356923133,8.949419058090955,17.5,Shale,0.8227261535614194,2934.785772365656,56.93005038301701,2.6117988091840654,No
3962.5830210708136,10.56027861285919,96.31328721242997,35.4508723932058,12.25,Limestone,0.8846926994894704,1567.9350907348037,58.991701981945205,5.744191769022968,No
1446.2103181619384,14.552241181629952,81.12789795524742,27.26369721252665,17.5,Limestone,0.8820365679931599,2158.053507167837,40.867393561615486,4.073126732427414,No
2390.505516961285,11.94748652801996,133.69823434684244,10.76558136283716,8.5,Sandstone,0.714697849368072,3275.682121423124,49.53099894009563,11.392070170650173,Yes
3790.5337802284375,12.599328565242212,90.35975479611889,20.04409401295509,8.5,Sandstone,0.7340958870424253,3194.777364615667,49.86637853700337,8.972743463759475,No
1524.710995720708,11.74612001657102,134.47713245584353,15.054019320697368,12.25,Limestone,0.6767954861372335,2383.4236488543775,42.10906578757513,2.508326642133486,No
1802.379883314245,8.829249569822538,60.053814495131576,30.787809904856896,17.5,Dolomite,0.7981943667415703,3521.5200797736416,39.503732234838424,4.929885372626064,No
3527.883989375732,9.743123348651169,87.70372350235073,20.869568071849383,12.25,Sandstone,0.709362591026666,2089.5901297496775,58.01232594683441,2.5021596492080693,No
3520.1278779112604,11.841562290564182,81.70486928769857,39.62479807872347,12.25,Shale,0.8358301939823014,2653.176332880679,53.699446479380256,10.300166703747859,Yes
3244.0167150985408,10.068890990559458,81.02106249617499,6.9160743790858294,8.5,Dolomite,0.6364652282192731,2681.326588277252,33.43393697923632,11.06296401907161,Yes
3428.81955563485,8.87484271494759,66.13679577889164,17.425534314768633,17.5,Shale,0.6349208553497238,2352.0419221750426,33.59652214754661,3.122796058390744,No
2899.5355517165867,14.827372480388679,76.84118433694516,21.866505848849208,8.5,Limestone,0.661336614425819,3886.665252812918,57.6762830655848,6.402900460086961,Yes
1881.2967061743348,15.85894396873087,109.99946128970579,22.609674416191194,17.5,Shale,0.625287656531224,3241.7100837877533,32.44229295080773,11.318832818364259,Yes
2209.935977263718,14.448571554975546,86.222496555397,16.057753783497287,8.5,Dolomite,0.7860094823034705,2847.998338318254,50.65264038729498,3.4521168671467057,Yes
1635.5920088049897,14.903386912785002,97.5655304096233,30.52340871841488,8.5,Limestone,0.6442058298050216,2776.2877334716213,36.80274740833235,4.919035906563149,Yes
4179.576964667699,10.31482847737784,93.91801923124697,35.616147572114116,17.5,Dolomite,0.6479888752402962,1898.2402311777414,31.05556028224856,5.042746501726558,No
3041.8712816814214,15.704702316348998,138.8314432499905,37.8551755692252,17.5,Shale,0.6042684671187498,2430.4672426702455,31.789126382402706,2.300583122019985,Yes
2402.9799586727395,9.976942783400712,141.4769099109464,33.17826818798342,8.5,Dolomite,0.8346270043870829,3181.9332868227684,41.205663110386865,2.3627323468999064,No
2617.0203127544646,15.635723577713742,104.3661274490274,34.770306905730976,17.5,Limestone,0.8436888166270443,3811.425549216834,32.32765355068094,11.527928270829129,Yes
4315.491688641354,15.961144704744633,89.7140355284044,24.269085521699843,8.5,Shale,0.6486067249093319,3541.1601484795965,47.89917599800362,7.71092608986254,Yes
1536.7299109062806,13.837921043095365,69.61206336021273,33.90608792493851,17.5,Shale,0.8218573302801674,2250.974509899928,49.417635341222265,5.066483214286179,No
3051.80441205879,15.858577988438665,145.80625914438855,15.622636820178327,8.5,Sandstone,0.7300635369472079,2584.891564224833,41.20405715949147,5.7867466070658455,Yes
2770.610376095631,12.771548346753278,65.42042504102677,18.946756673822506,8.5,Sandstone,0.6718784648896174,1707.2938017819865,52.286342271550524,9.148429288450242,Yes
3140.0898240212673,10.446563373820677,86.78852498114524,16.091955483649052,8.5,Dolomite,0.7864153824221487,1755.430807588952,44.70127560508732,5.665172035546203,No
1063.3856433729418,11.777469142492157,86.82595810530037,21.35855674067739,12.25,Sandstone,0.6535452223041254,2675.5759674967876,42.906855102062465,4.277604030932883,No
4052.43368130453,12.951707015340894,88.83611575261935,14.995286568352274,17.5,Sandstone,0.8270650822959107,2825.54851704275,42.209642663703754,3.018373415997994,No
4262.413988692643,9.048111715202612,74.78581589451683,38.65640047890564,8.5,Sandstone,0.6142845682711655,2160.067739242285,42.93319462036612,9.289330117180372,No
2977.966142562231,13.167574484629345,130.48452878313276,15.949561980198386,12.25,Sandstone,0.8877392798783743,3106.9567229648533,59.03662949803255,3.8056501667522475,No
3438.277883569123,15.858833775717208,71.02480757693903,8.431558833882894,8.5,Limestone,0.6215625761125874,3258.451713950344,50.44221180115313,2.696482699262976,Yes
4228.747834120535,9.925807373377957,117.14159932378465,23.43860081176447,12.25,Limestone,0.7738345257746069,2247.7903290298946,39.456295414833,6.26954445496477,No
3475.3352200968952,14.444463372162875,71.14614240352357,6.998467745581173,8.5,Sandstone,0.8706582870367136,3396.0618142688545,52.01579610616696,2.3957096181135378,No
1533.8866501999146,15.309240953347146,66.34820738336609,8.869010820800318,8.5,Dolomite,0.6035713406543551,2014.0122975978334,39.908021649687484,11.649980583428867,Yes
3017.0092605838463,15.577761946151657,141.84865533172888,12.67862862186862,12.25,Limestone,0.7495543382967171,2860.6284431889344,33.771447233540286,8.272929675748397,Yes
3123.502662339996,15.701017033040854,77.1115889686835,21.252258745874958,12.25,Sandstone,0.705002089293204,3510.702733905433,44.26081072366947,3.526968104465608,Yes
2484.457349558351,12.41094729041104,133.91251391037338,20.163782630815977,17.5,Limestone,0.7740996570773727,2842.5227142063886,52.530715774152426,3.7245408644846085,No
3577.55482468653,15.829809309936277,109.01677839964222,32.989215170097694,17.5,Shale,0.6676372160212976,3769.9067963026264,41.329797326619634,7.698284802728454,Yes
4270.284551691551,14.179826553508292,67.00708676478926,30.88161288594397,12.25,Limestone,0.6194697651695175,1646.2530821865896,56.07522426142029,5.565657573377936,Yes
4239.489795173717,9.712535771777214,145.99033722942607,19.921140289674547,17.5,Limestone,0.7877799110546121,2970.7846137286797,41.6085811226328,9.742667441877137,No
2577.9377999144626,12.076750798509774,82.22650502927033,16.679647265147047,12.25,Dolomite,0.7250547718480207,2904.3886313609755,40.49517076520195,7.458064856189166,No
1396.3331604426435,13.887483815290029,137.3680810817346,16.07640744215245,17.5,Limestone,0.7867456616118689,3150.883321356712,59.947317415898,6.333338755249413,No
4446.944196368171,10.355052368643126,75.19290052061078,32.08982805529031,8.5,Dolomite,0.6631617440513529,3583.517096700769,44.47416068970196,11.629802480652716,Yes
3936.1433025607694,13.304613876616656,136.85485939276674,6.82253421774444,17.5,Shale,0.7016223788860445,3314.6327108459873,54.15663629140518,5.90729056209689,Yes
1436.319384211434,13.499503592849644,61.19059316147646,5.448757732871204,8.5,Sandstone,0.7685044168093831,3475.7068384321046,54.149641681797675,6.006109237973435,No
4222.946589160803,9.720248078564245,106.06024109125326,32.844053717432686,8.5,Dolomite,0.7779338334974182,2222.041814294054,57.79108011297538,8.65772421060789,No
4044.637267217449,12.738139843395672,129.2498321479401,21.700123159616727,17.5,Limestone,0.7116944423322795,2468.7434464224116,32.54685163350911,10.094785841221682,Yes
2815.9331999412525,14.287201832339559,144.1315965743505,9.58083984937516,12.25,Limestone,0.6840159616849669,3066.942435115576,38.13660829280527,8.262149908585453,Yes
3069.4640251072524,12.241717484019563,141.82819225858384,13.244807710807544,8.5,Dolomite,0.6821101888465787,2883.653679812338,53.032442746393016,8.986102220544286,No
2396.509463545456,8.590773375820806,133.76623825928806,37.63763835840839,8.5,Shale,0.6524098054262695,3902.7596874263413,46.87804477195695,5.729315685666111,No
1191.6657358771097,8.56778851809469,139.93722146951737,35.08260414687143,17.5,Sandstone,0.6976214886988761,1967.0862498360484,46.78844827063602,6.794968364782597,No
2173.190345760653,11.177720079775092,77.92977172533688,29.842476757839037,12.25,Limestone,0.659832101103966,2378.1959311278542,34.98645905610722,3.970350864679633,No
3809.98707009304,15.446455513238366,85.57658661405559,21.87788306180643,12.25,Shale,0.7901446218689835,2931.8880832121367,38.434590423417895,8.802464906985236,Yes
1016.2120805161101,10.215075847027066,86.00716724289526,23.2113269166985,17.5,Sandstone,0.7707200994726269,3669.90942484038,45.64002257150203,4.214519404267095,No
2167.247100919005,13.257727666537654,93.93485379015289,39.13355873493855,12.25,Sandstone,0.714776647101276,3823.371311727479,38.31544094023864,2.012567953938112,Yes
2393.5904275683015,10.165569030199904,95.39886033466698,38.801965535950046,17.5,Limestone,0.6977490059812184,2340.090827068996,36.30848378096145,11.337621198067511,Yes
2880.88461028273,10.912524922446615,109.00997921892079,12.5344166025042,17.5,Dolomite,0.6712842600583927,1667.7711538158792,32.63268167309988,5.060152412145538,No
4219.494657444662,14.86031567201113,74.38917870297972,33.38865982068613,17.5,Limestone,0.7606374926878023,2554.049244805463,34.67178035770037,3.966320424660023,Yes
2212.2109802808645,13.9664608170246,122.21219974073904,11.903493315845587,8.5,Limestone,0.8756708293037065,2485.8603580837676,53.06603287475919,4.681467309657759,No
2214.336206636797,9.21549457984908,75.08098853740559,12.473811725938297,8.5,Limestone,0.8057109154166812,3966.217669824224,51.563375417541465,5.304476976186476,No
3581.2543683841195,11.715265157398253,87.92776338940928,28.663256195760187,8.5,Shale,0.8233244142106702,2577.6531107269734,31.37501053046135,6.745464264481737,No
2582.762793114325,8.718773227339483,105.30106175455387,19.175038450564195,17.5,Dolomite,0.8503133590969223,2264.307498258074,36.09852256032333,2.6935167101859663,No
1786.116880289937,12.106676099522566,131.67965053711296,37.604054248728204,8.5,Shale,0.7054904920013546,2413.443436337335,46.81366040198149,2.5267315620545086,No
2583.5383064644266,13.46825508775801,126.55223099148546,8.115340721360308,8.5,Limestone,0.6188627346343463,2492.315701559535,39.678835327103194,4.929107655380726,Yes
1492.9995713292994,9.388769676986136,118.09809207694701,22.903397428332255,8.5,Dolomite,0.7867676409964933,3553.85095549154,54.69748808038592,4.957661311970958,No
1617.3544527717816,10.666637041818742,74.01959345221532,37.14825356550924,17.5,Sandstone,0.6566016873684097,1702.5372320781605,53.54967922986441,3.176462278142351,No
2744.287204588179,11.483774691266177,109.234081105402,36.64397811678268,17.5,Dolomite,0.7707130949986999,2291.2676221875668,56.74741673874328,6.047915943205343,No
2466.239073265918,15.396482684920374,67.8701851619897,10.478522469550942,17.5,Limestone,0.8218530699471194,3915.796229767749,46.88793694515348,4.8402866820278225,Yes
4201.96065373835,15.94941261567223,93.96268591169857,17.832319503375977,8.5,Dolomite,0.835091490644351,1882.756261997,40.56229439427295,2.260555527950701,Yes
2268.378646908216,8.836834742467119,97.21648772609632,26.66924900163437,12.25,Sandstone,0.6905517360742546,3356.503303831475,48.18194088554753,10.857207804211107,Yes
3032.059225973152,14.20755942621544,63.58302955011784,10.578820966999077,8.5,Sandstone,0.7537299697707945,2390.983752995726,32.674100392363734,10.860190180435904,Yes
3212.9250077183565,11.287930498017573,84.65892895229746,38.88077602160085,8.5,Dolomite,0.7862895288831577,2954.4638154863133,30.28758053224403,4.09182252913474,No
1045.8305980591676,11.4434363967211,146.00845205398406,37.01622650546811,17.5,Sandstone,0.8458442165101866,1748.870096272205,30.512805603610662,3.628722281643479,No
3322.380802058487,14.15698730010267,145.82693470467206,10.84325626620642,17.5,Shale,0.8284165995314843,2266.0291683848664,42.22628813802648,7.472927643469817,No
1623.12588404413,15.388198241090564,91.70943488272854,9.24044114413449,8.5,Dolomite,0.8963925962932111,2752.1623541522204,36.8423278230919,8.307535029814309,No
4363.746111143093,15.631964458769113,63.87900980534916,7.989296898289285,8.5,Sandstone,0.6024254029590033,2079.251645439646,34.72013117400143,11.575425574470728,Yes
1520.3195471358954,12.828419395287405,76.11854453953634,36.83052824128209,12.25,Sandstone,0.7312468322589399,2854.6748576328805,48.45978046854511,5.773484566398126,No
2451.184433044583,11.17840869475377,95.2996014090186,11.776833342841128,12.25,Dolomite,0.6768133459128384,2049.3982851567907,59.852851278395434,8.182003428645583,No
1298.7238382752535,14.406618143940843,145.30017281723067,19.569972499052415,17.5,Shale,0.635968016143462,3125.2513816263845,35.33259610846609,10.781810458043095,Yes
4489.059881460816,10.382510374467252,72.70791571834664,20.709797797820105,12.25,Dolomite,0.8734545984501554,3760.8858506257857,46.39264272641816,6.4995378578085,No
2757.682536159349,12.730555216251382,128.7164259301391,25.965386547474864,12.25,Sandstone,0.8993886198287059,1713.7215933789284,33.591825419996816,3.2234575115732604,No
3083.847560620153,11.189338461436549,69.78142854372228,7.510737031159874,17.5,Dolomite,0.6541788623714171,2041.540089440216,58.02709323216417,5.774472858299742,No
1234.767670859496,13.42473305280907,148.3131819652149,12.936551609018057,12.25,Sandstone,0.6115300178404091,3611.057568150825,38.75265505711755,3.365669267033004,Yes
3624.861646397122,10.302991846701302,94.34548491982216,37.60216354216241,8.5,Limestone,0.68251633430415,3078.883713604894,56.350194601301354,2.166394642019503,No
1734.6695758345502,9.936947093011193,129.77110850091503,36.794353754399935,12.25,Dolomite,0.8504585754199188,1696.772292856413,38.49229317751131,9.515530563490262,No
4143.190013042498,15.386793150065778,90.83319745300187,32.34517265919923,17.5,Dolomite,0.688167024959795,2715.8752877737384,54.18157440560158,4.3842370049535555,Yes
1717.9887416870251,9.263527622121527,116.49019894429279,5.67904359663754,8.5,Sandstone,0.6170704441492865,2024.3962875283376,36.28144000337318,2.0200704583897404,No
1667.407022322833,12.294684308011988,77.28144762660331,16.44523689736357,12.25,Sandstone,0.6157476551859089,1997.7409851751743,38.78368290460333,10.72432357535145,Yes
1127.923837468332,10.156395872222568,73.14189173672663,26.978555737001773,8.5,Sandstone,0.7282268407108309,3851.613358401309,35.77426096210902,6.4378883849090585,No
2652.234307884997,8.791974724942506,144.42577256113182,14.631657412071648,8.5,Sandstone,0.879547716918486,3403.8538701902726,37.92779633548967,4.388598796332252,No
2976.9439664191577,8.770141137185698,142.588255011399,36.83553432688221,12.25,Dolomite,0.6857761324918896,3240.5764838103596,55.045972659999464,4.627899723554192,No
1229.9802379992334,9.814163290793704,139.87220461915942,27.186131164135467,12.25,Sandstone,0.7281473042103132,2097.3220426946464,49.17097492640092,4.405378933050502,No
3714.346658432537,15.000777658795002,116.28901051499341,7.516735106075596,17.5,Dolomite,0.6305801416147826,1796.4335826023762,42.17639006511672,3.94556161189272,Yes
2586.5109216180967,10.6185905798277,132.74413900946504,36.815195609249606,17.5,Shale,0.7480718379806943,3677.081553213375,59.14563081246469,10.412262245742964,Yes
2835.36594264653,15.628443779314718,66.21332432202374,38.52183303616779,8.5,Dolomite,0.8089641192857112,1514.6989233561274,43.94584581388721,3.7033163436986953,Yes
2542.669614283798,12.862167197418952,90.13101377016113,7.719934643710392,17.5,Sandstone,0.6813451083531659,2470.241059252549,59.09279913776554,7.6185468387939865,Yes
2402.670713063641,11.774606423265745,88.23328122814407,23.63260822014602,8.5,Sandstone,0.6890133925586054,2194.0312574033337,35.89760768732581,2.773202446721873,No
2958.7411595787626,12.850666260020908,117.20807897573519,15.617749877495966,8.5,Shale,0.8525925076218814,2925.940500872059,57.139152813448476,11.495213761786003,Yes
1543.3408607574938,12.375237889197008,92.03619961235765,18.749367676849083,17.5,Dolomite,0.6031091167041531,2126.2710897145867,30.414666122924842,8.033139044459219,Yes
1636.748456733449,14.190821903179938,73.36561034793127,11.287792628436966,17.5,Shale,0.7909412125650291,2278.0133983207697,46.359096070972726,11.031525112022932,Yes
4016.2496735473105,10.618720494796392,113.68203678721893,25.232523570434438,17.5,Dolomite,0.7181653904824851,3625.099637482984,42.691571828760445,5.978777794754952,No
4311.404117467715,11.147877937002267,133.29455286021732,38.529277363711174,12.25,Sandstone,0.6895141540684406,3007.972058511297,45.752635364159374,10.106720567624114,Yes
2306.5826069791356,15.20570726899938,94.3911145013976,22.607541009506317,8.5,Dolomite,0.7972781496731631,1864.2063183234209,46.60334495843097,10.536544794493112,Yes
1947.6063560024381,15.598423848628041,71.90418435886335,7.90201034880684,8.5,Sandstone,0.8504005565369115,3316.1788587395786,41.670940622031324,9.029492911786699,Yes
3253.998401336555,15.194186706148558,77.70193775815407,26.700046671709295,8.5,Sandstone,0.7675176348986021,2018.648003699696,59.945935406582855,2.9294746645370635,Yes
2430.569598843337,11.645859954679851,81.37349746524455,16.907804805793994,17.5,Limestone,0.6093283865829168,2582.5123252812,59.29521570901878,2.16080086405906,Yes
1088.8522448112071,14.352741272551611,86.99078336950826,34.95738163569543,17.5,Limestone,0.7384203572476729,3116.5180920982334,58.852361301137854,3.685596720562218,Yes
1546.5340907816662,12.07251799975824,117.85155634556781,20.21373519107646,17.5,Dolomite,0.7388279822681919,2179.823843643718,59.372551421297636,3.1809675696667843,No
3505.9028009658914,12.231548891095766,114.08509360839471,11.749386312978597,17.5,Sandstone,0.7631395484413823,2460.2670366894804,53.79037196308195,9.251376641998437,No
3306.23379668553,10.03510081792963,122.64718754103353,11.688696794190072,17.5,Shale,0.8012876703130657,3335.373993260377,59.65771437078996,7.570068206893427,No
1094.8359737621922,12.933477274438873,92.62517860783618,31.90674632524061,12.25,Sandstone,0.6057955210603021,3844.7773835608587,56.77080675825425,7.259508645456058,Yes
1776.9025667653232,9.89601923315011,134.15978866919806,14.295565940757596,17.5,Shale,0.7506037873199252,2823.1126423986825,42.47797911097263,4.528673003281405,No
1808.7617880582497,10.986735243003952,78.36788950401842,31.853168795572806,8.5,Dolomite,0.7764923308141772,1524.927428891557,53.543313251502234,3.5460753673704164,No
3351.6246025955493,14.912726512149513,102.21366727663386,12.206055876830979,17.5,Dolomite,0.7030060159248156,2346.1593781045763,57.362035353768775,4.065479697688959,Yes
1068.9868821402745,10.053068569081415,132.08448493872874,16.25902290454583,8.5,Shale,0.8005095679771299,2496.585837113836,51.378182207612774,6.002770074144801,No
1364.3800369460084,9.033687138800746,76.21427829593573,21.292044035389477,17.5,Shale,0.6684533151387513,2347.93405000561,42.68347021696812,9.40143206760953,No
3799.706298806163,9.017556944596123,69.88768023667046,38.011854739270774,17.5,Sandstone,0.6952116999202355,2590.6721527889067,31.97370726049276,4.5451661653647,No
1624.9063171901676,15.55588390377331,139.53155709191907,37.610599866383865,8.5,Dolomite,0.8888266042272979,3081.665634545999,54.29090811181763,8.986130012587202,No
3284.6113774815612,12.30190328471376,90.86366964832763,12.240515639780073,8.5,Sandstone,0.7044211112583421,1802.8200674943828,58.58228619379411,6.915118204048435,No
1833.6397336635428,11.570590538627638,121.54831124181288,17.537666443507547,8.5,Shale,0.7039502662097235,2181.576272168764,40.87389780689779,10.85440848510793,Yes
1348.044874657708,14.581589357559388,62.28137438375446,10.228978595882031,8.5,Limestone,0.7787041907469345,2769.1202150440613,34.557181529668185,4.329145608890334,Yes
1851.1026684980893,14.76869445932887,122.10421995685047,22.8494777759724,12.25,Limestone,0.891292598958018,2288.9332704499375,39.79511518411667,6.508566826176089,No
3527.934261494807,10.991432748367036,88.44911803922734,21.12038927431333,8.5,Limestone,0.8949241337859002,3977.7133453383985,47.47867074534739,2.9666476716567107,No
3994.937638372,13.702135431053463,65.01667682286975,36.526605685775635,17.5,Shale,0.7738973891028949,2578.5786675937206,39.50787009846709,5.3515314262232065,No
3905.7695259844704,14.28342111888915,114.88314853933053,37.55018822268754,17.5,Sandstone,0.6003261059414797,3674.497883980541,48.31856190589062,7.06880444032203,Yes
2390.1423536645916,13.409880151494658,81.67234344658559,18.424858685255224,12.25,Dolomite,0.8701969652305199,3741.274589034661,59.00556696733892,9.327402143357924,No
3338.2979779972616,9.636963061000746,94.8126517846692,22.21082800566463,8.5,Shale,0.7710713893731145,3590.017499305875,50.12203479923048,3.9807712005863176,No
1717.4450339553734,15.069123126377928,67.25227310578623,36.368268720114656,17.5,Limestone,0.7097989224869807,1617.2456023629195,40.879780988568655,4.180921284064659,Yes
2026.0170559135465,12.543209145520066,73.24469259854507,33.23477327107715,12.25,Sandstone,0.8487585423047815,3869.3668290333785,58.07258914414605,8.315778405210494,No
4137.175364823919,10.618543197775027,86.81795119462593,5.127970897062725,17.5,Dolomite,0.7199497378050616,1821.8564053329424,46.96905806103432,5.824577834543116,No
1045.5067322875761,11.689211390782704,68.07835505041415,16.20208474642539,12.25,Dolomite,0.6102133518600794,1586.0090692857364,33.851171955977,6.820948672323478,Yes
1299.2798579906382,8.781783177991805,141.97436382176835,19.762098467764407,12.25,Shale,0.8463216669171056,2535.924019766394,44.969430155812844,10.361348687787407,Yes
1727.6018930110956,9.459001009168132,60.54423388655806,13.04006992891311,8.5,Shale,0.7637578203059286,1986.58508189464,49.609093347301496,6.990833010645251,No
1092.862713558369,14.241600628868955,103.54741969778803,11.985006556357856,12.25,Dolomite,0.7014430614672589,1960.4913241580905,55.14763097450216,8.524993806091711,Yes
1635.0240228142907,8.500087260665246,71.09227123192963,6.322457730848789,17.5,Dolomite,0.6752677129061554,2219.5490334403767,58.09430360122942,8.567750416599722,No
3040.645463393923,11.624243713617192,87.69111805301537,27.51794037744162,17.5,Limestone,0.7781392378246277,2121.014013117137,39.52248401149156,10.036119429560182,Yes
2474.985927073743,12.418826358141914,143.34536038364388,14.187860166910799,8.5,Dolomite,0.6624148644675301,3211.988505375383,34.6653709223711,8.381394884910243,Yes
4124.350988769413,8.909758150007292,74.55250979465882,6.832151245095958,8.5,Shale,0.697155265967101,1966.9432665901752,32.21485926581647,2.648098256538625,No
3861.052466084543,15.798086222292497,146.92490877464994,13.084275868482228,12.25,Sandstone,0.7909590928241951,2857.795762993146,52.15063808124849,5.421729826868401,Yes
2196.360730942566,10.19593998437254,78.52149392904795,33.06698834926443,8.5,Limestone,0.8644633351217796,3966.0663653588244,53.85474758146296,11.8931618350921,Yes
1907.9820170095236,10.781490397272107,126.74094976201467,34.80212135762913,17.5,Limestone,0.7598670985174796,2580.956052390722,42.28119380784501,3.965102888079188,No
2328.923428585434,10.779568841912706,109.20095384075805,21.907318581765594,17.5,Dolomite,0.8277319194897278,3104.6827719885914,41.87776221520887,7.867290784146886,No
3066.032298801827,10.228124965880124,139.60308548370833,19.562473464304016,8.5,Sandstone,0.8289181811289126,3923.429194324684,58.62711094963896,10.429406398772615,Yes
1938.222742880067,8.511053665647335,109.85939299528178,39.22487927256236,8.5,Limestone,0.7993061857978161,1844.0974951034107,57.50043975240982,7.86558560747354,No
3184.521177471969,13.970085955659972,108.11032972406778,12.019763085582447,8.5,Shale,0.6737515013041553,2546.5175232326237,36.9979770575113,5.7227025812667724,Yes
2432.9407826693414,15.75134124849464,77.59122003315599,12.537574899911297,12.25,Dolomite,0.8600365794450726,3625.481000488135,53.424229432494215,2.8022856271770573,Yes
2932.1651329819306,10.182201124637839,74.96064258464929,15.215351196273991,12.25,Shale,0.73088269669187,3830.7642068621994,48.6810118869882,5.61664902536095,No
2526.4428519736084,13.472853938525668,142.48402360039628,11.046506139838055,17.5,Dolomite,0.6132632231807101,3003.0901448972627,34.626682173589195,3.8206751157428958,Yes
2030.6301583967117,14.064222452190364,89.50543789650307,18.27779593714653,12.25,Limestone,0.6733838010208575,1858.5515063505584,40.70313141259681,11.6086281628198,Yes
4319.586574367549,14.863190343178935,93.48740294666064,36.87919794464138,12.25,Dolomite,0.8296645062297947,3753.6789598691375,35.324188239224476,9.150318415582863,No
3672.620279559163,11.669718977602068,128.38412925855494,26.5371744220001,12.25,Sandstone,0.6207400007452468,1936.1164154773564,38.85468116465516,9.493831543598622,Yes
1490.3961151825838,10.771981792303219,90.49411341805266,19.418129201429227,12.25,Shale,0.6442093206464733,2382.194620830296,48.45903527320055,6.359692660003781,No
4039.6379156426947,10.939713505172733,145.68562019751025,37.704377809992515,17.5,Sandstone,0.8082680448125114,2438.7699444056543,41.25796413130319,3.0996482813170614,No
2706.0091938732976,13.844659998238846,126.41349920989202,6.696248136653781,8.5,Shale,0.8677802369182621,2618.22884968157,41.82178559507572,4.667164861673211,No
4130.9327941293195,14.62584599879227,113.76863183160779,12.359666226565148,17.5,Shale,0.7901196015172911,3475.414539827374,46.189418778515694,4.597111040663301,Yes
3799.4933958156034,9.862104758174521,139.28056444902774,24.806101178561565,12.25,Dolomite,0.6666873161488663,3505.3609452562114,32.61672416525168,6.867793508015437,No
2488.247265642317,11.282057561183239,64.46453175145345,26.54434181176127,8.5,Limestone,0.6160241289748646,3299.1376831952857,52.163918695482444,6.6097978669335715,Yes
1078.6425791204108,15.264551475618624,83.1356422970288,6.38451272969146,8.5,Limestone,0.7845379747650936,1555.321686053954,42.051286002400204,6.334082173718404,Yes
1940.3707578473113,14.550201397710545,101.8532700798819,19.106356526749625,8.5,Sandstone,0.6142195733793492,2912.112755542879,44.41191264606961,6.9597746669274105,Yes
2895.719751313034,15.886438020718568,80.42806855243688,27.720388769080547,17.5,Dolomite,0.7838166155825271,3368.7323897035,59.228991865638946,11.87023081981475,Yes
3217.1737693915156,14.156861947615607,126.95146685719368,29.432469124119056,8.5,Limestone,0.6676739832483285,2611.563100153857,40.33100664954762,4.983536306528833,Yes
1902.606899016208,11.448964007709417,142.72872279483528,27.334896588069427,17.5,Shale,0.8713968187226488,3862.340113413491,49.44656807921776,8.152691603435876,No
1487.7462592548845,12.929783754959782,98.1393107937831,16.21971285263236,17.5,Shale,0.7425278005462086,3559.5263047008775,41.77512951887432,4.395077440403048,No
3922.255828797547,13.457606906854902,90.79193401007055,8.273204325926834,12.25,Dolomite,0.6671815299929087,3095.387663717077,56.82848156051034,6.66606265926182,Yes
4445.407632462433,9.08841862237843,146.53956589238095,19.948935624676693,12.25,Sandstone,0.8559435949675775,1656.0629592062835,55.40268800985118,4.000492331463749,No
2839.9156380594004,12.583727193278989,100.03671895447867,9.506405307881941,8.5,Dolomite,0.6762106195342525,3130.8656189578455,37.24872815287153,7.5819223529975766,Yes
1600.8775004690624,13.819906213544572,104.01435604043549,38.16682804822335,8.5,Sandstone,0.6919797229574627,3778.949003130547,50.75237137832701,4.650117864836675,Yes
1953.0756428177915,9.754909780007953,91.64848851077149,21.63098031079199,12.25,Dolomite,0.8502833697166368,2448.6134672023786,31.95515987691621,2.3678891671883076,No
1064.3673679161336,14.35473788069168,141.85936257109245,16.104071102490366,17.5,Shale,0.6926376089401788,3595.3313140134023,58.8955616858967,10.1527109147282,Yes
4200.045822961747,12.878295853855837,111.20599349536657,31.820642489161504,17.5,Dolomite,0.7230491307691912,2282.9028571554472,40.46970324042473,3.2825511212041754,No
1412.128790115494,15.64166339273196,128.59571284634802,22.428200740379236,12.25,Limestone,0.70429970122766,2925.258228868257,54.95528317754301,5.680387991169056,Yes
3017.8076642998876,8.818167236551687,133.06260465157976,15.851190840435752,17.5,Limestone,0.6349200953491128,3121.0610459269556,39.5529409823193,6.771776091112029,No
1959.193272405221,10.489946031666003,90.76641377255324,33.41887098367806,12.25,Dolomite,0.6116687436740478,3194.9875938972373,48.983122235906166,6.324800004219274,No
2939.623008805277,13.01165409474868,99.03248981883421,35.35032528503927,12.25,Sandstone,0.8173622022182945,3706.3732861608705,59.50772375952995,9.25665763690009,No
3279.9713592315247,10.72419934154448,136.3624596965638,28.555285820103695,8.5,Sandstone,0.7935411371807162,2086.555667515705,56.30249589394891,7.967765959309443,No
3904.096312975206,13.858181230534317,92.69298165082293,6.6437547842683555,8.5,Shale,0.6847098202656171,2155.9239632224367,34.81097729714722,4.9537118270748595,Yes
1722.474451162111,14.192539618914482,131.4541620106666,24.821300805828624,12.25,Shale,0.6886797374954635,3260.1024832768417,46.424652994484134,2.5170299984067017,Yes
1038.4854003046817,9.268869730498558,144.68930903169934,31.715321919904856,8.5,Sandstone,0.8835017349026044,1942.9845312100952,40.45595346344071,9.675951182531762,No
1479.0997052408254,12.353908481550757,116.08893357612062,9.777605422925376,12.25,Dolomite,0.8963013381700476,2660.676012409901,43.03016554944875,5.525271266784217,No
4150.065246468368,12.31667916693292,126.74645587067,13.003476298461118,17.5,Shale,0.742030470970108,1550.0859601930379,40.055493876563055,10.897247409999693,Yes
4058.6152714688033,11.269605776616558,132.45875808370215,35.88732867738477,17.5,Sandstone,0.8407355236444481,1852.4483424752852,40.0787774458654,5.950567736032504,No
3090.945857596079,15.49693646927254,136.05356840069783,5.7042602648575915,17.5,Sandstone,0.8210057627608096,3197.1159625721534,46.27659731329834,9.176586061377073,Yes
3101.809011517787,14.70629739904916,95.55480040711163,31.34544982390916,17.5,Dolomite,0.6891953128536141,3368.654008704385,35.75892027369458,11.395647032346792,Yes
3327.628360911894,13.729070364322276,64.61371132583983,21.5820652380048,12.25,Limestone,0.6175688131561435,1788.297583094692,46.12186275700094,8.511524506354798,Yes
1613.7994751820736,13.857449768012483,96.16886441130656,20.637025559386238,17.5,Sandstone,0.642766877140482,2069.2738760279926,38.36896311594903,6.134889133975048,Yes
4200.441810737359,11.962871078598393,120.63806068056809,5.248378637321051,17.5,Shale,0.8514882351002291,1747.2611163426277,38.66948712725399,7.673992687859428,No
2465.6968371222556,15.407458908224319,100.53153472027135,33.67893808382725,17.5,Dolomite,0.8193641459988843,2583.532109812792,52.16244087106868,7.434451885418926,Yes
2340.9848488732414,13.70946570439964,127.40668357743587,17.593871522279827,17.5,Dolomite,0.7993004533386834,1815.2901768615832,30.887808106798072,7.848200366533628,No
2816.2119684899317,13.967357962418625,92.12841865217975,23.926797095519,12.25,Dolomite,0.6391946495089945,2593.240042917225,41.42837288021421,3.4681998564134577,Yes
1164.3808837126926,14.96268177840509,117.12697269936265,28.70552402174808,17.5,Limestone,0.7919792062351574,3330.2456395028294,42.22603140460935,8.9850988240131,Yes
1581.9917906462779,10.555536920066432,76.7777824368577,29.59203517532705,8.5,Limestone,0.8316456994479346,3208.4715828585436,44.55330419154518,3.450432716691872,No
3583.1176574922965,14.553031779000271,127.44324929804613,38.45930205891253,8.5,Shale,0.8581805249580872,2201.151217129613,50.07033074188616,2.14616884317614,No
1289.7953377379426,9.964304522173691,109.11263719317233,23.59689836328132,8.5,Shale,0.6039693837580854,3184.406373117331,41.0906034821126,8.247801006840636,No
3111.0323831323585,11.090064641836658,78.36579496919406,18.990184284104963,8.5,Dolomite,0.8053425305635433,3819.2803272489423,36.39411312919365,3.169135721755914,No
1858.7218838846234,11.01707840702382,86.27200561480265,38.37962692720978,8.5,Shale,0.6057292966809613,2368.810967712289,56.54618521638926,9.704116367112732,No
2362.534649146918,15.838941012918553,127.3747837723649,27.47385822589324,8.5,Sandstone,0.8120618536630315,2322.7978842440166,59.43115880043636,10.659659535008204,Yes
2010.4280786974496,14.924029178109452,103.43411120953687,15.435262469679447,12.25,Limestone,0.7906864094196014,2928.5966287050437,30.600440795187986,11.447367902839263,Yes
2244.854507627322,13.758773961926948,79.4428296353765,9.42624858912499,8.5,Dolomite,0.6445043588756917,2113.75452756868,46.394005530020934,8.644769629063916,Yes
3516.6606681448593,13.952925712115427,147.05440713332678,34.489407551281346,17.5,Dolomite,0.8298365254035391,3128.94731995063,40.25107137327595,6.820148928923041,No
2039.9260046811125,12.715545958019284,124.36125178351992,17.676356097795306,8.5,Sandstone,0.6205042854569073,3580.6544266812025,38.309687261616276,5.522810807057991,Yes
2982.41624103914,15.603180003313893,146.14213492858164,28.11644024775509,12.25,Sandstone,0.84791963212339,2648.2962627465804,40.071191726098064,6.909250939863307,Yes
2666.176407696849,12.22194064661771,98.4394540824309,21.478574677806435,8.5,Sandstone,0.6785787734544687,3198.7683123209563,49.166332692786014,3.9035222836031354,No
3322.8490787692685,11.35388282402421,102.75903066225484,11.962542292826342,17.5,Sandstone,0.8066555586901996,3129.7135597074885,35.721480306893845,5.48422647789093,No
4278.904087636653,9.722765026986933,140.81596945665171,26.059031301716278,17.5,Dolomite,0.8771068023065611,1596.663904618974,57.38582134973851,9.179305248344978,No
3564.002340235876,14.396542391957935,107.25444062208462,7.123907413273881,12.25,Limestone,0.7019481074020346,1958.540737939441,43.98343574818428,4.174229711342131,Yes
1752.2913250676488,14.008329490566936,123.65510207151004,19.466986095491727,12.25,Limestone,0.7508682233821258,3733.8250045453246,39.76730499447985,4.64067135673665,Yes
1109.1409727144965,11.382662788931011,82.6955589745977,24.131522888228485,12.25,Sandstone,0.7389354101851351,3847.2303684125486,52.965939946427966,9.493282557078487,No
1917.9241550493878,8.68895060469422,100.20538218323765,20.261644094150267,12.25,Shale,0.6472834047188604,3451.0990997779436,30.49039995708578,3.778359358272208,No
3082.7727574508917,14.792479957885082,71.11048792293195,31.203526133784678,8.5,Dolomite,0.7770936031472285,3803.1203708192365,42.95558597214111,4.458875864733777,Yes
1179.9903471948762,8.585634875905551,78.53820322892655,33.977373409085935,8.5,Limestone,0.8229005755562844,2265.371627296437,40.6591080300369,2.1754756282265033,No
2737.281865204327,13.777748347217882,60.0849073740868,31.993507591161233,17.5,Sandstone,0.8750624486771458,2119.2774294476176,40.14629729969204,9.200515995351068,No
3088.9499712091124,15.776928322945427,63.53385464837942,6.358453173413074,12.25,Shale,0.8552407804948539,2460.7504689013,40.112140862717496,8.17903565566434,Yes
2169.853617859363,11.782459961111526,147.95554408592363,11.794506965609028,12.25,Shale,0.7530058139184095,1638.354996376132,30.938141332418024,8.943854525115412,No
3698.1927131103766,10.262300537469645,81.81183256230861,23.7812628242321,8.5,Sandstone,0.8157051463535805,3524.6790476033193,34.56349209026519,4.143277619533132,No
1373.0938859682014,13.786532575325364,119.69796385536017,37.71877141553304,12.25,Dolomite,0.8402350240121679,3960.438712787693,34.256554779372436,8.873763907278715,No
1262.9822360753305,14.628461065116888,135.51897289196503,34.22348712682409,17.5,Limestone,0.7480466141215046,3560.0732310915246,59.65831514458566,7.963766176932567,Yes
3548.6606467126117,12.598227370583855,109.55944133129078,34.48870779231306,17.5,Shale,0.6346282682112803,2887.4383371313706,30.664972676718353,5.661229792220033,Yes
2734.2196067216946,15.752764564421096,73.78300500755606,15.61228678158862,12.25,Limestone,0.7313792291542113,2238.2049262073742,35.01220969055995,6.378258116344047,Yes
3409.408387497076,8.887515412434709,125.53047936025497,20.03067639775459,17.5,Limestone,0.8527434114604695,1994.2447213589517,59.22523525976091,7.679205032734082,No
2521.8956851131115,12.285966987283961,114.02262690896248,21.474708156057808,17.5,Shale,0.7789924216181205,2410.15717949165,48.84769781430013,6.932921760875567,No
1862.407116336874,13.888404604919126,125.81255304126375,10.508005417246864,8.5,Sandstone,0.8173375131028018,3167.4238238705157,43.52001361820194,8.41828065969371,No
3866.858111859699,14.969803533618842,129.27719605713784,6.087384558555971,17.5,Shale,0.6555804066457762,2617.653888852059,32.3628279913911,3.8097957760599517,Yes
3797.9555763914273,9.844417089308426,147.78693309162708,38.14160148111809,12.25,Shale,0.8893013304633017,3835.1495502112152,50.0898348489863,7.407099549161969,No
3431.4376479904936,14.50002611322761,111.62069520240391,13.424940498222735,12.25,Dolomite,0.7212241588479928,3635.550857414331,34.134089630438034,6.502794828645408,Yes
1952.5079803048693,12.645303067889088,90.74770014215417,13.398211630327095,17.5,Limestone,0.7960906568153187,1756.0015399072474,50.13558366477545,6.610204940139982,No
3065.807334041805,11.474152614924725,118.36181012102134,7.918266881906584,12.25,Sandstone,0.6056616763771816,1828.813059714275,59.37529491600175,6.693820505825953,Yes
2263.4086392900936,9.487862714343201,66.15966383183635,37.49777131803225,8.5,Limestone,0.6381957786765874,3190.597963250277,45.95917975850858,10.814719638223172,Yes
1320.5372566432195,14.989718191816843,140.76575864894278,25.29079902289202,17.5,Shale,0.8346102809654757,2076.920974950886,36.42253963507982,10.186274411366156,Yes
4210.59751411785,9.679549061347865,70.74429102043771,28.346289999387384,17.5,Sandstone,0.8903908336560764,3477.574692529378,48.758512526387946,8.295699611705368,No
1478.8652082163649,10.823408944068245,89.50585540972364,36.90519105420684,17.5,Sandstone,0.6960166065166434,2978.395355815883,45.387890633738486,9.164869356023686,No
4325.830738372808,10.675341489718276,133.41708425635088,17.096705911527632,12.25,Sandstone,0.6111542204823794,2074.576319333375,45.99420790831938,2.4280263606810664,No
2561.020205352845,15.035605256431406,113.75811404976406,26.752755889832944,12.25,Sandstone,0.7082599805940413,2696.716993701478,44.3432083835999,9.439917193796687,Yes
1647.9652509351688,13.545272456566735,95.4271968249698,6.357980915511061,17.5,Dolomite,0.6052404390837007,2515.1907309175836,50.212217227306674,6.861646884536487,Yes
2896.6533158242537,14.475110478935292,102.60920934375193,11.537038488089527,12.25,Sandstone,0.6577119276787408,3682.8983979735117,47.15836087221006,5.177475645481276,Yes
4055.310425567429,10.378509240943742,136.90926538819622,34.09360317814799,12.25,Shale,0.8257416045161216,1580.4061874426257,59.60985232363119,3.3977696593814293,No
3562.787102433464,13.186555747052491,90.60039474539029,31.83689247184175,17.5,Dolomite,0.8811265194319489,3739.6097261669747,54.77590263126956,2.752087903519918,No
3822.964017515074,12.788094873578114,138.26847163309543,17.272494201000143,17.5,Shale,0.6262347253106659,3130.2067071993583,37.9409513313302,2.4488568549672314,Yes
3305.741783487511,14.746227825912033,67.93209878790223,18.188371972097436,12.25,Shale,0.7673702336431527,3343.845468870947,51.772695657149214,3.617961748902408,Yes
3422.9679758124835,15.295652953609455,129.91185934877677,23.67440517437528,17.5,Limestone,0.6761642538372096,1506.5186584815842,36.429010481542036,2.3014379479774165,Yes
3972.1847804786175,8.5911757860804,136.27928697492626,5.008435163979709,17.5,Sandstone,0.6417177377381789,3070.598585093081,53.47039224244173,9.32642242442521,No
1873.8380310071507,13.555149392940944,76.3635887553605,13.443551761330975,17.5,Sandstone,0.6656940689674673,2971.215409277565,34.42672919932026,4.486141190217397,Yes
2712.9873727509917,8.888768493397968,98.73118791349805,12.288113301287506,17.5,Shale,0.7733289202493122,2843.01389096575,44.206615006417145,5.6874042693200915,No
1774.2330463686078,12.61643998808017,74.89497971972901,13.766903136241721,12.25,Sandstone,0.6195403504331883,3464.667141764712,53.71818594918224,10.227162138158828,Yes
4456.838027988264,10.657245467827586,123.5943716094796,33.20670448867045,17.5,Dolomite,0.7302655788505252,2889.677740991263,38.40338106919696,3.1465749652459065,No
4304.207688903147,10.800824496416059,108.1812991255491,14.788584979125512,8.5,Limestone,0.6405683552865491,3642.742973899644,55.11357375394989,10.355940302362127,Yes
1137.9938397897706,11.147188775892674,117.1791012037489,11.703246271755186,17.5,Sandstone,0.6818031157183444,2081.578716024096,49.32452127101916,8.39540350550288,No
3469.5131038049094,13.159693367872077,77.683827026059,22.649221127756103,8.5,Sandstone,0.6572262989229791,3514.9564724292495,41.92566987321648,5.420295146046031,Yes
4238.369110954831,11.00537474251577,79.05712758471776,35.29757627304562,17.5,Dolomite,0.8648926499492692,1948.2819320620142,42.702501279188155,3.178072130676843,No
1632.0137079456672,13.995242879427103,63.73475929589157,13.447239634312496,8.5,Limestone,0.8124033992613868,3532.7944799224497,57.779746017595656,2.9149269734091248,No
2987.808306934203,11.533955391804023,88.98607816761567,7.748768497747954,8.5,Dolomite,0.8605387736842411,3851.1587970714195,36.53373000037138,5.355143460793206,No
4204.209041558146,9.01264900232469,110.37701952003074,17.474165754738266,17.5,Shale,0.7150388503643077,2339.23535577596,50.8008784552413,3.4034197271804585,No
1118.810925050296,14.378198818630803,137.2141422597596,31.167813859774224,17.5,Shale,0.694024009456101,2824.715784950472,51.21882617224607,4.677102964752748,Yes
3440.9709353639396,10.643187434445295,120.02347027128127,24.27416906431781,17.5,Sandstone,0.7141761584693301,3145.822557307869,57.673490795509096,2.5295580045132455,No
2040.7215258039278,11.74575159699447,99.18566910597764,33.587767935102164,8.5,Limestone,0.6055644587173222,1698.6791646362365,51.39492806272022,7.950084216966989,Yes
4235.3866838178565,13.640829124164261,145.7808102954724,38.585725166323186,12.25,Shale,0.8174112825445674,2735.2017955103006,47.53402254175125,3.4527611695380447,No
4398.703858078787,10.993421178615339,124.73206805182487,32.7431866863066,12.25,Dolomite,0.7049317370685235,2401.462441470617,57.07567617048879,9.56732313125627,No
4304.932711897019,8.924392421100368,143.71486825762952,26.13310775953137,17.5,Shale,0.6939971410730374,3681.1390781282703,54.873960889451936,4.181749762779721,No
2659.749758301123,11.304407852596102,107.48291759449491,22.26695558183332,12.25,Shale,0.7794423196111598,3691.6987967708155,51.50329364502679,9.979765793381858,No
4017.149278462597,15.583364370207276,83.30138473138257,6.402418022189334,12.25,Dolomite,0.730874973512945,3251.9488488680918,30.977351471765235,3.8988198622586774,Yes
3955.9228948727464,13.313007979739186,64.75440177282498,39.45126925849144,17.5,Sandstone,0.8942530104671695,3139.3111864812454,41.20561254721084,9.213665637012987,No
2116.851656351395,13.536093615004052,125.34763663354654,18.42183929012649,8.5,Limestone,0.7068759128696404,3334.221148189642,48.95669016605563,5.330746796251973,Yes
3901.204159527371,13.2421161522823,70.91726982049806,10.327987487090338,17.5,Sandstone,0.784168752662374,2414.9672525070177,45.66751573070295,7.831199948890084,No
1129.5267215042243,9.992441042195775,87.24976154447705,28.334809938875985,12.25,Dolomite,0.6934953301828956,2511.2981168765637,39.57954979493532,2.386618143217384,No
3086.9445746871856,11.6375039807671,107.92238170955076,14.950090118341077,8.5,Shale,0.897178494063197,2884.2618072217633,34.33271746529329,6.952444343542575,No
1805.0309305069607,14.132048487724887,110.79749290017729,25.502239482586667,12.25,Limestone,0.7335333104160384,3845.0703184111685,46.589897480667645,3.4868789470206325,Yes
1421.9841002204757,9.260296731648694,114.05248772884224,25.536876774560692,8.5,Sandstone,0.7902386432600409,3309.999685298906,38.57752727586639,6.863202272490264,No
1269.336205702232,10.583895820672842,74.96297973147306,20.60054373160042,12.25,Dolomite,0.6380165012858031,2877.4731112405584,36.99001469426989,3.413591308861497,No
3437.010715573489,10.572393313493901,94.17636643394839,34.26415154407649,17.5,Shale,0.8199072644590975,3426.0325372417865,41.968746811648,6.370891201393708,No
2189.5623731882315,11.740141956958794,115.54748044052701,14.273847154440507,12.25,Shale,0.6807630173626866,2427.2257805960626,53.56474299642806,3.1062082023228834,No
3536.6837003506653,15.852765557066387,147.28369781704063,20.702140706620696,12.25,Sandstone,0.7345839758489016,3326.166752860927,44.635605070989364,4.199515177342958,Yes
1228.7471927962984,9.006269100128664,125.48680239297198,23.819224500684,8.5,Dolomite,0.8649399186982374,2526.690620706751,36.4947663149601,7.950789355038547,No
2103.516182407136,12.390257457854464,143.0343381384562,28.226865226855487,12.25,Shale,0.8911657544655305,2199.153517537465,33.50709426840145,11.766606372101421,Yes
2888.21952331368,9.845235115091578,128.59908524827594,32.43901476769563,17.5,Shale,0.7273716305521071,3024.3101188057312,44.969617913244,6.49184768391972,No
3767.5310769363723,15.78007409057308,113.25452720031603,18.818254900738964,17.5,Limestone,0.85044080038635,3217.193899125461,53.830991952667034,8.871736926095025,Yes
2115.633760262245,9.349776285455981,77.282103222271,27.611643043380862,17.5,Shale,0.6160046983649582,2648.2339029489103,49.58454070961821,7.394246710443752,No
3190.6198175295317,11.527007517711935,120.00170867032617,10.27138335739817,8.5,Sandstone,0.8542722089370788,2913.751828388754,36.96446640429749,6.9835793429443775,No
4100.922118826655,14.034137386259546,116.10416093639164,37.64268351898675,8.5,Dolomite,0.788853096645795,3235.165187139892,43.10119757068477,2.647041968398512,No
3155.521158638066,13.78415821020584,114.22222534115397,18.407058224735124,12.25,Dolomite,0.7466118505174806,3419.2751288937734,55.65691090032206,3.4429740227527943,Yes
1815.3581616377182,11.670464776704492,104.08072811894166,30.533249769175345,12.25,Limestone,0.8669891115411743,3738.9286977076904,35.329677235585166,10.830577292325673,Yes
1085.402735447883,11.098931259645386,107.5790943590348,5.711937865876218,12.25,Dolomite,0.8536011667519241,2386.3605156608205,45.96241712048691,6.101643150418033,No
4045.3460586532547,11.48209283914653,90.09982744062937,12.181550001668246,8.5,Sandstone,0.6890835287860716,3878.6931321314837,40.68694526282525,8.14332476584791,No
1074.442937976355,10.482071973689795,106.73814233780729,22.04788905132523,8.5,Shale,0.8374465147034272,3093.199525307719,33.72539264488558,7.282332327149584,No
4061.455854394698,10.039997040301,77.78003151106304,35.73883637063213,12.25,Limestone,0.6298472800987117,3469.2547067473697,31.497117627326947,5.788823795512348,No
2851.279969095242,12.122797731691675,132.4656957624339,23.4539302482737,8.5,Dolomite,0.8468291806402111,3249.422608703596,46.67614153937386,5.8781654261093115,No
4286.736944795137,10.514003170507054,76.7199259228837,37.545466880285765,8.5,Limestone,0.8026366854069752,2013.9293133710166,30.622466212211368,7.554650059086727,No
3795.741325207829,10.655962486729376,67.64696609005198,21.932891380397873,17.5,Limestone,0.6263598992795828,1678.5959575220709,33.10338350078805,3.4114180147574364,No
4492.769386866681,13.425670476059178,99.26214237214415,22.165718385758247,17.5,Dolomite,0.8049240520422406,3315.7161600453005,40.426928434852236,5.87259040254434,No
2227.4913540809857,15.764029987749192,119.24766955554557,9.191137597518615,12.25,Limestone,0.7741557830029111,2777.6316694864413,31.30560556067288,6.469755694027391,Yes
3685.1590112589442,13.027279004195314,99.39451424401872,33.09296854532769,12.25,Dolomite,0.7783650303435135,3255.5334210208116,42.01335679355655,11.851262236761242,Yes
2406.758197632347,9.077346002987246,84.90787187561777,13.643789436347188,17.5,Sandstone,0.6872591805389096,2692.1070097886495,33.91095072530673,5.514547692857177,No
2679.564671063681,9.066877103905503,110.23540655013966,36.48643712803103,8.5,Dolomite,0.6799491600038535,2280.58630104126,40.49619272100462,8.44578895880869,No
3196.2691212642953,15.635674156341745,91.230210187098,36.878847711563864,12.25,Shale,0.828760533616206,2212.5447731489207,53.73479061270204,3.3741549982646815,Yes
4057.8698996521857,10.729680927305003,143.95809211139698,38.01585391559524,12.25,Dolomite,0.6770440443051717,3326.3303271749855,48.790930334299745,2.654813818302191,No
4444.292142197533,9.190502395618566,143.03806256432148,23.20806711860815,12.25,Shale,0.7338786755429696,2191.9502036644367,43.36203233362527,10.715420140012304,Yes
3688.9569485258135,12.992834403627862,105.2134637974886,28.698282467427553,8.5,Limestone,0.8084366995796355,3286.692177313552,32.754999235654815,9.307349024056865,No
2462.1837375856685,13.177365837176996,89.50955946164326,32.24805580215822,17.5,Dolomite,0.6238848753982313,2459.900315793446,48.57448977944199,5.174992875945691,Yes
2474.7495079697455,13.36378615089016,126.34191725609752,9.585511652766296,12.25,Shale,0.7783645147834972,3427.2460107970064,34.91128957527151,7.04578002897229,No
3581.53805556112,10.505515208931559,63.304164913476,26.033501824912403,17.5,Dolomite,0.7768129117944351,1857.024814456674,32.297590315848446,3.3574418445183856,No
1835.720010189058,8.613330131608564,102.72921054392862,6.200426545615908,17.5,Dolomite,0.8052686132664076,2012.4498580108639,49.91988052378824,9.071602939808603,No
1386.6593959598813,15.737615270908538,90.26910548433003,22.414812918605406,8.5,Dolomite,0.7109784285916976,3214.7790143004086,57.36179693463022,2.7033059208743895,Yes
2241.1775517427177,10.381697842683268,142.8482296592299,10.419493856707959,8.5,Sandstone,0.7346939322191519,2900.5778004956564,43.81780310311567,9.570330569412018,No
2005.336470789286,13.570197160394105,61.08027245454143,11.402302408672965,8.5,Shale,0.698990794183408,2009.695856553998,31.22987731824342,7.468365102699866,Yes
2037.0784215959652,13.799724024090322,109.75333881465141,17.776664834241053,8.5,Sandstone,0.8424504741566328,3757.0675293170543,56.40893152255623,4.788505300867648,No
1817.6271286746846,13.075055628096143,126.65972229599635,20.135300835077604,8.5,Sandstone,0.6391832280108397,2189.8603685316157,32.00921298370722,10.625743540614568,Yes
1147.3261637272667,10.846805456602361,103.65161887716371,26.811034858626552,8.5,Shale,0.888886186072599,2552.6784954840846,56.02539728104762,11.860718703388544,Yes
1062.5587715669483,10.533221903230494,67.68627271464494,7.604994645348048,12.25,Dolomite,0.7904508467937652,2005.719854681345,41.75458119668793,4.54349101197638,No
4457.02836407611,12.982512120270274,147.5215251025112,22.629211643310562,17.5,Sandstone,0.8660720173176528,2470.0690458537856,40.96183615869269,10.062461495859326,Yes
2497.2059680755183,14.995717252087687,106.6209388238488,11.39187955885854,8.5,Sandstone,0.7278694374794292,2729.1168752786853,46.28392138369355,9.501663163764574,Yes
2345.143265058886,15.600502966925466,115.27676198871103,25.089131126110967,12.25,Sandstone,0.699683721117599,2238.117636282298,58.712544523326564,9.471901211056693,Yes
3378.7654894257444,9.294293533028181,81.29488044367565,27.309161429141422,17.5,Dolomite,0.8702177430371951,3422.7341829912084,56.96221635257935,11.572356114840272,Yes
1763.8886075277246,9.6612145944829,103.51482765961234,24.484823979349883,8.5,Sandstone,0.6296619086628908,2484.8324466156178,44.10990264914302,6.866170923019924,No
4324.864143825789,15.585521940873097,98.62345427624896,30.84034286674077,8.5,Limestone,0.6351321694515834,3323.7749998969175,50.874696930714556,8.741680405566548,Yes
3752.2075504544323,14.024014212510945,66.74062578017853,16.746323548431548,12.25,Shale,0.6898040329454032,2017.6804384756083,47.41287757030237,10.238773636258042,Yes
1312.9385080929083,15.122453686223299,69.55443181927205,31.778730707159582,17.5,Limestone,0.8879324945298956,2442.588741982947,50.80384737189502,6.795364450430264,No
2461.532715247249,10.019744756015074,135.3725267656897,20.146847859786778,8.5,Dolomite,0.7899205829595322,1520.1457222388378,54.87982380186291,6.814312028120059,No
4076.9140764675763,12.906894033320514,81.58379569859312,21.94645744129089,17.5,Sandstone,0.7662581089846194,3396.5939597842794,31.034814866057815,5.186547540673513,No
4306.562078019936,13.758546958131053,77.54624443487674,27.6835744541375,12.25,Shale,0.8116069009066262,3064.7166108262104,39.77279561783693,9.808257128271341,No
2635.905289374544,13.600839140852294,105.44203061251253,5.6425434399728385,8.5,Sandstone,0.7252423668234499,3544.55831230114,58.77987324701601,8.861957796855567,Yes
3146.939862237477,11.561137681500236,129.18724182262616,27.88979774970869,17.5,Dolomite,0.8274220504262397,2639.026970256783,58.48008925574773,6.5113989950105,No
1584.6188113222634,8.615461687684814,65.57518667210891,26.650480217524038,12.25,Shale,0.7179692093918633,3499.351609282098,30.336626699323876,6.193366573987367,No
4469.090191479418,12.871945426031974,111.91271276744303,15.844649086364797,12.25,Limestone,0.8479089554569393,3118.956360677446,36.04320389767099,2.7258964316911865,No
1810.850954842052,10.398261543847067,70.7289398556516,8.002799971482132,8.5,Shale,0.6801885246229513,1509.0323313355966,59.81310127033088,2.065011468284155,No
4299.56120947294,11.876906846071677,63.28149457430566,8.18274074695644,17.5,Sandstone,0.6832639977894073,2134.2357377212797,44.78475227698458,7.288939665318434,No
3273.7632714732895,15.68185761312863,64.74695569459956,37.312831144483,8.5,Shale,0.7567149916280206,2734.7283805156203,47.18598011900558,6.1749285235159945,Yes
3127.078782076007,11.49276488231826,135.07476973875973,29.1247762429043,8.5,Dolomite,0.7292283475085205,3046.718374279928,34.99260556567358,9.960367599017642,No
2794.4097885577803,14.7985120499832,70.61752352652555,9.448591481975914,17.5,Dolomite,0.7944347532854086,1663.9771616615928,56.83006826275589,7.426540563071215,Yes
1807.3443410121554,9.914054543119384,64.06362279710628,17.485310925811724,17.5,Shale,0.7092872264020736,3262.6998204594793,36.937928989473384,11.367060433822255,Yes
1617.848112019279,13.543453735187716,99.41098984286211,25.736904786555876,17.5,Dolomite,0.66916519472111,2858.8402441181497,35.689428900586094,3.9614079886099853,Yes
1771.7017317456139,15.827552158292075,135.95941247478223,34.24500967817271,12.25,Dolomite,0.7409425688648703,2814.448267045714,36.84367209960985,11.901503403850398,Yes
1652.5339175048907,9.264198256547026,83.61675388403717,6.528132504955298,12.25,Dolomite,0.7682869498491438,2230.1138952447877,57.58865107923026,4.979191943121063,No
3728.5456574836367,8.56239956670394,97.95413557733247,13.28215960145031,17.5,Limestone,0.6427800161489071,2987.0577487264422,51.085401215305474,8.42423973573306,No
2225.4384070835554,11.751870944744608,63.59302793073761,36.1412146603383,12.25,Sandstone,0.7670155877199496,1568.7322240794367,53.05789183470825,7.018537136166513,No
1202.4493679718873,9.194691122885255,100.41706627213883,5.320794256433577,8.5,Dolomite,0.695777011574369,1661.7508262599713,41.31109074552758,5.595764012492494,No
4391.8592054928395,14.112882622571735,111.98517725734203,12.04896859778606,17.5,Shale,0.7177355654605524,3334.6752180321037,57.27531044791684,3.3930918326544663,Yes
4093.25059737199,15.359114978864191,111.38163483769303,38.565846159053805,8.5,Dolomite,0.6837954387189844,2304.7283563349097,53.682238570181696,3.348341514522117,Yes
4247.132991183245,11.75515729531569,89.91840229569286,26.469064628275987,17.5,Limestone,0.879423098337918,2367.41768906121,52.51792087521964,9.115058273781953,No
4482.177379262524,10.440337316165808,88.3979862596822,14.158497832312726,8.5,Shale,0.8050008843840641,2020.9630081411296,59.12820851018855,5.776413829763113,No
1608.6333722682057,11.758024892549573,69.59612570429381,7.344688303854666,17.5,Sandstone,0.678738093420205,2614.05173024983,40.98590492380046,11.612979741329427,Yes
2386.8470661593055,13.925858633875007,93.01184885816416,5.986696915652775,8.5,Shale,0.793509400365585,1629.9835785282507,48.32920940387643,5.25648486506338,No
3653.8346649643195,8.567906211852783,68.95452019856683,13.566077787292453,17.5,Shale,0.8545717228746139,2250.908058927784,57.297890969316484,11.835237217479628,Yes
3436.072163188273,12.920904921135229,128.99363502408465,35.85200368561186,17.5,Shale,0.7204890624998306,2817.809804444244,53.72666829557858,4.054232565952628,No
1538.6356721894927,13.099687636655343,146.96468679733673,19.556977900412832,12.25,Shale,0.8489872527468547,2664.079803897843,46.901368746768455,3.0281438623105355,No
3855.415937467162,13.282661851719517,147.30670110000364,30.211667920809756,8.5,Dolomite,0.6463244833019977,3999.1741078075843,32.286410543405964,5.125697335229571,Yes
1785.5420014283122,10.315165599856579,137.85639894378545,37.13997623829852,12.25,Sandstone,0.8468344094598504,2471.911630292275,49.5817031866702,10.85584789428589,Yes
1783.3616518791807,13.855395425335951,114.07129344056571,19.28141615609858,8.5,Dolomite,0.7620882728017099,2467.497648135772,45.796666706035566,7.218519444952847,No
2879.4104801269477,9.185436147488323,123.07791275194919,11.694707986308897,12.25,Limestone,0.6668923464029947,2758.954443536151,35.52541384453879,3.3565010593720803,No
3075.289771945961,9.994527523501006,85.66852224123727,23.09912757999218,17.5,Limestone,0.7221424153667735,1975.7577756780745,56.467593700277924,4.02499049604095,No
3030.3017274323392,15.081025349908614,116.76933781553586,36.7829290470949,12.25,Shale,0.896397897733985,3690.7610573978945,40.297457846962295,5.112606621495633,No
1320.2039308921421,14.040423630449247,101.00845944958897,33.15310449481952,12.25,Dolomite,0.8350668049927279,2930.669472161121,41.62439680551891,7.901667378127078,No
4071.1130192063315,8.60309165508509,103.38156057992393,7.304044517710382,17.5,Dolomite,0.7725259084155346,1980.269097998556,50.172046463892315,5.323789398776206,No
1929.6001490604713,10.362821952773501,128.1998904337642,29.240048002715362,12.25,Sandstone,0.6345491735713576,3483.603978430331,44.66396226123723,9.470540820893273,No
1453.3022244898145,10.108048622448734,85.37265200375265,25.016413286063383,17.5,Sandstone,0.72534347487045,1585.8304278571331,32.67843228837448,8.162935561852965,No
4110.618279541421,10.531047460277295,88.62356505250679,36.76121117212489,8.5,Sandstone,0.6789154542035811,3956.410501463568,41.62324852065704,10.738237373533401,Yes
4344.780243804136,10.356698277099149,143.2177612015773,9.286849589760404,12.25,Dolomite,0.621300323851617,3662.873336928428,32.833983538146995,7.009618263593643,No
4017.4466604290774,8.968947218071342,65.06018653658751,23.69126396216298,17.5,Sandstone,0.7626613166157945,2949.0986388350493,35.72251209370144,5.311764141010678,No
3833.306261537073,11.942053874476152,103.70708685720064,35.78119427291623,17.5,Sandstone,0.8667557099522629,1778.2391568926662,30.215233150513615,11.96271567803204,Yes
3293.346932236576,13.995501060896238,142.15207203670755,19.350832535961004,12.25,Sandstone,0.8026799604522376,2038.1819332241785,35.43939244453986,5.556333218073558,No
2928.0007971319874,13.050487935380772,114.93267070363413,21.869822120650348,8.5,Shale,0.6749041163941534,2198.587925783908,39.91342061995083,6.28602639780512,Yes
1304.4536596899354,13.546537514485598,109.17663667909189,7.466123718343541,12.25,Limestone,0.7720753820861368,2102.5793447590277,46.146553011968834,10.091272253580883,Yes
2429.5862457474454,9.108618839021794,82.47697613064197,14.73502741571188,17.5,Limestone,0.8829702850040907,2743.8000261336147,57.578316335481965,2.886362338930926,No
2304.409809543099,15.636180326325904,90.89479401580034,16.357732720913155,8.5,Dolomite,0.8168745158768806,3861.4009256678696,46.209806017261656,5.864901060585146,Yes
1909.1382431611419,14.788688753822687,136.68435742242235,38.07928570607104,12.25,Dolomite,0.8068421698220292,2610.4314619195266,51.16810624093024,2.8571009343828395,Yes
3531.9703979100473,14.53817738871747,110.32963185916122,14.893357618940566,17.5,Shale,0.8904474498682549,3153.9114204335137,40.73031273917323,3.393058666727579,No
2735.565072775698,14.672378537813255,106.32679743811019,21.13040573443782,12.25,Limestone,0.8396619933552074,3221.458014947058,52.54892380701802,2.0464082549800695,No
1283.6617556767678,15.49532881099571,68.9621742186026,28.495654824749792,8.5,Sandstone,0.6409870629296256,3678.951813136207,48.61406238154432,2.095442925823752,Yes
1770.6412068243396,12.581904745852732,61.44253408096108,10.67641803427571,8.5,Sandstone,0.7042905260928605,1584.553218928798,43.79382039824584,5.8028788950285195,No
3391.4056728085857,10.002115134007195,146.73166698183442,22.025483549965607,8.5,Dolomite,0.8895422102213059,2510.8251483688555,35.813063846736775,10.091638049477762,Yes
1266.4580082160505,13.125877058894059,93.92875505581574,30.848866381656766,8.5,Limestone,0.7469116182593993,3461.837785215248,39.106227239918965,7.870043605916932,No
3979.2241991706906,14.071611202509542,114.28917558895539,35.339932455947306,8.5,Dolomite,0.6334912335963556,3537.1675374136157,48.62838262127265,8.349140441376434,Yes
2733.01284454891,14.03438045015519,67.17435658685565,26.919074613184936,12.25,Dolomite,0.7375814639017025,3818.331537935028,42.78168973093719,7.192492375848865,Yes
2682.0530206432677,12.4108676812516,121.48028571507419,28.416873036093175,8.5,Sandstone,0.8090979702212402,3256.985899545006,56.68159670247155,10.197931441705586,Yes
3073.4272463083116,9.013440395001835,143.93100378353648,9.419921540459914,8.5,Sandstone,0.8992644665043723,2112.884865261859,37.04520814606756,10.803787251861742,Yes
3886.383380738022,11.283347038225958,111.80987276976776,38.10217740362215,17.5,Limestone,0.6971715949689605,2764.1643577109453,32.19217956759817,10.497407281453754,Yes
2217.3322276576755,15.40574956347518,71.35037901378695,9.640092711956882,8.5,Dolomite,0.7542260624637821,1580.863219797244,47.68045729516453,10.12132105803039,Yes
3373.0565339567224,12.883366823180694,112.3549374726129,32.11355280136294,17.5,Shale,0.8639042113949382,3117.3208527456172,56.58152520570228,3.827130735632838,No
2980.061873985269,12.537489574417851,128.97124917941872,14.268571262241158,17.5,Limestone,0.7065801654172,2885.7380287718915,40.94217088319366,7.938762253652211,No
1934.5989455929746,10.516401357866451,96.57748829166168,37.6757600295438,17.5,Dolomite,0.6327784669772571,3167.090701903233,49.43134004604495,7.8216319609837015,No
4075.204952243053,11.263366899374342,139.18539731473209,30.198583877931785,12.25,Limestone,0.8846807625004512,3825.351383468989,36.94237866531446,7.2794400374764106,No
3790.9910756242484,15.21509566864877,118.38146580216281,31.383479954242915,12.25,Limestone,0.74653224201405,3218.191529301079,46.75415765018065,6.80812789296766,Yes
3304.581421304489,13.498472856451269,140.9324026460282,12.667071057095917,17.5,Limestone,0.7508351132315916,2301.124825936903,53.603763025879594,2.891704771863835,No
3977.0360518298467,14.405402700642497,116.11547801226035,20.50639918223063,12.25,Shale,0.7863600433812546,1996.8416596753918,56.01094796330052,3.0216323390622195,Yes
4035.5297033593083,11.907590673007412,71.81591748043418,26.623461810625024,8.5,Shale,0.6010609871109673,3636.590517046637,33.1535738955719,11.022815704406234,Yes
3479.270418502622,13.226854145921184,87.87225399946702,31.949076637231034,12.25,Sandstone,0.8793393526706548,1985.8303581844016,40.69123548879736,8.301864391211986,No
3929.546649272852,10.362877065574057,78.16154534272113,8.638578156933635,8.5,Sandstone,0.7084353254323625,1904.0239514884097,49.189333258076104,4.623172144980064,No
3441.1501158424926,13.790956227126147,141.7943847945176,38.682786075908496,8.5,Dolomite,0.7190795587153046,2016.5302017024396,31.041686042809566,4.793003892134562,Yes
3380.4927011610516,11.70701000277503,128.43600605587343,36.15772346940946,12.25,Limestone,0.6522327742599705,2772.102120326267,50.71845600452481,8.1019483164863,No
3165.1398237531453,11.819091361110592,120.87585320190055,14.462200667345453,12.25,Dolomite,0.7134454839877383,1810.4686078986422,45.84101648411482,6.069349746356621,No
3634.508238451744,13.369917434326613,87.08696876684596,33.79660850613162,17.5,Sandstone,0.8411830592328157,3845.2958264917556,38.65698837660079,6.413241709850945,No
1555.1178685257578,15.52210466101695,76.56402948451921,23.14133730639382,12.25,Shale,0.8399975017666604,3915.6342681002243,54.43963351782152,2.60649990533419,Yes
4083.0476571962495,8.980047599564656,128.08059791900206,21.163226854670654,12.25,Sandstone,0.8807390522686358,3934.504633207497,38.70152136887326,3.3873918710974475,No
4051.452347108312,14.685574280102557,102.67421512911717,16.00519370339919,12.25,Dolomite,0.7209688418042387,1597.8120120492995,59.7424513861141,5.933504265636626,Yes
1102.365490620957,10.692873328091448,80.32105969355662,25.333900532105737,8.5,Sandstone,0.8126164511245753,3865.4938162000794,54.49110567340021,8.996864199347684,No
3890.3586269766693,11.829395908797833,115.49597803487475,30.54611911962592,8.5,Dolomite,0.7521712665622671,3993.537331543563,51.239415041492634,2.4802538759991313,No
1451.0445361570582,8.664349965812567,63.63004669246068,19.38265167369654,8.5,Dolomite,0.8412068368557393,3856.0727733637177,31.84042673887938,5.345577928310832,No
2172.9159899069964,10.757845583757348,89.35532287154282,27.022671755290222,17.5,Dolomite,0.8137626027398991,3177.347264406765,57.129311159618204,8.950719519345158,No
3602.278897020627,12.269734319725979,102.17012951320211,29.475952240435632,17.5,Dolomite,0.7103708775858827,3253.075381021252,53.701659172126526,9.920507904502912,No
1562.6596361690786,8.921320580105792,73.31625006984652,29.889263595535006,17.5,Sandstone,0.7010021502761077,1805.6323496836192,36.87075237875407,3.902207040953133,No
3862.8845844167176,12.18321797037374,148.61890298317556,6.818813434591309,8.5,Dolomite,0.6757327389083903,3685.7426926874064,41.76744543980667,9.314871318934571,No
3912.4696228520966,15.453329716438205,78.81876281306529,35.091173198977344,12.25,Dolomite,0.7729547371465914,1649.0989615719288,38.05894654857428,11.554116940790294,Yes
2776.137068162927,9.290449135808538,71.7317817038939,21.038866016776677,17.5,Limestone,0.8891528554781578,2294.3263665440995,59.53248102543199,11.068121500964484,Yes
1022.3505510089175,14.233305460566282,78.31813864982067,14.184562859367505,17.5,Dolomite,0.6600200212852698,3977.8791128704675,55.62589334416678,9.893760773775089,Yes
2004.6334661121946,11.572532900319946,129.21550198437518,13.461757761788856,8.5,Sandstone,0.6285757364712975,2555.819697757488,57.90675908085308,9.123266860413382,Yes
3159.244214315098,13.413802858932534,98.29550933446586,21.905493949538265,17.5,Dolomite,0.635820192622894,1827.8905599131467,53.6632270912629,4.351383080197703,Yes
4434.151623095982,10.45177448488922,110.88743457772841,36.039103881413574,12.25,Shale,0.834929602875045,3923.2366551227,43.690447232107424,8.339032270481123,No
3211.3473445583395,9.696191969060187,61.890824128772465,18.242165358892642,8.5,Shale,0.7050314412853691,3960.3491176043403,36.163027494440556,8.432739938102959,No
1909.3125337245592,9.703469607034197,63.09881777159831,31.240401137424016,8.5,Dolomite,0.6673100483077139,1967.6067130967858,36.24240470729201,6.068213320926879,No
3219.0199608486396,9.028689592323584,100.12429948443145,8.388655584552652,12.25,Shale,0.70585323551205,3662.009521850427,34.55048545100031,6.930154617009376,No
2889.948829005494,9.892350286759322,133.49897188814612,21.66198457528716,12.25,Shale,0.7935992438488565,2476.0583154847295,46.39948650910191,8.940284881747068,No
3729.4588830290027,13.481645387417263,139.67149908368089,39.70901491374575,12.25,Sandstone,0.7640361374484851,2453.421161216786,57.59899568590927,11.521015357104222,Yes
1374.4322358943546,15.11267958882631,67.80359108360761,31.965323097731794,17.5,Limestone,0.8230768219563678,2156.744079742254,59.753942101372985,4.953062084410316,Yes
3663.597658757098,14.605942641933714,108.45267918909205,12.368497095421455,12.25,Shale,0.7017222445445329,1611.7756863872412,38.61899400110295,4.463631519574395,Yes
2894.4330253663857,13.63850732405863,142.19067176513434,22.550451579426873,8.5,Shale,0.7356085720394057,2170.022459213059,50.919436208901885,8.018068922988716,Yes
4370.472013506482,9.32823897558327,94.91754789580978,13.17686672769983,12.25,Limestone,0.6305905106888771,1634.44226333263,47.912940468311334,3.307991114413599,No
2196.5525811354014,10.668905847219623,134.66092482855316,19.334632454187826,8.5,Limestone,0.6219175938098345,3810.9301158999083,44.668083506289335,7.8253283048781395,No
3214.1766259688184,10.823551564918517,72.03260889594925,32.30294083072377,8.5,Shale,0.7386765728532301,3154.301680981821,49.97305931436124,2.888514850714308,No
4262.0983692850605,10.37467709798216,144.1855040701019,31.992868535164128,17.5,Dolomite,0.690478982233777,3716.556625040979,41.14089056940207,6.905838796045088,No
1358.7840479673773,12.362542447822923,127.62809857781724,12.98351322658348,12.25,Shale,0.7838401716408392,3293.2267036764265,58.334543252803485,8.204143747135337,No
4280.299705327579,12.516653611597544,144.72009535082117,37.2778161354201,17.5,Dolomite,0.6129006496333715,1828.2171777065982,51.16346603119011,2.7010963927284184,Yes
3407.600028052847,11.176644813783327,120.89555101972559,25.739886396768938,12.25,Dolomite,0.6365299132798696,3851.453841838245,52.626032759773345,4.069531519486293,No
1237.4297068681017,11.15341869052327,92.70635387994844,18.29735018367051,12.25,Dolomite,0.8595572433319185,3749.7326340819177,37.272662850182215,5.35374284879525,No
2053.372484313857,14.714166984295609,144.43630552722502,22.567745327330123,12.25,Limestone,0.7698934864557314,2370.1901947525894,35.05746010492858,5.685986951861589,Yes
3478.6023102584854,14.41969636239764,84.80100986782607,26.17749387032103,12.25,Shale,0.8136163601073682,1778.8333508791911,41.83022379282969,8.761046432541583,No
1235.727105140701,10.808468737605592,89.89552698555593,24.59616861460249,12.25,Shale,0.8525916356121888,3260.3868769721844,53.000174560084616,7.290213405595241,No
3037.5966106169562,15.353413329049445,123.07275762015664,22.024176243766238,8.5,Sandstone,0.7391503028850157,3320.903256841806,58.163877292585724,5.821084703053269,Yes
2210.5906993353483,15.646112627518797,128.87846695728476,22.672648143129003,8.5,Limestone,0.8283181151902428,3742.072612101768,42.819894779220235,6.5067625434165,Yes
3173.20431218617,10.950569065225306,143.64631354642384,11.174416864976017,12.25,Sandstone,0.7573756737220573,1631.6393986276998,53.22470377491498,2.129766706502392,No
1160.097118343795,11.15818711594791,78.43221681505885,33.44565165066378,8.5,Sandstone,0.6668246310821111,1854.2595950684297,44.112228584004285,9.705252793076301,No
4050.378821533317,12.292256150664691,131.81982316973017,23.96161119793554,17.5,Dolomite,0.7012968506402818,2995.6219821979557,38.85684748666391,2.410046886947825,No
4407.211392120889,15.558406094002551,126.46914480572671,9.587795159664608,17.5,Limestone,0.7471051323166983,3047.8288771752063,52.17795452177543,10.29317492922566,Yes
4391.07249349992,15.072395748567336,65.7415100628238,31.815498555397227,17.5,Sandstone,0.6950656656516813,1584.0241557875156,53.94606401943982,7.4099652141473005,Yes
3623.7814111002367,9.269259719376924,94.85008270891862,37.635539243207276,12.25,Shale,0.7006583074049695,2492.330127654146,36.0852238224204,7.278191912245171,No
1455.301840457212,11.445480574535623,85.44889113540887,38.15574147329367,12.25,Sandstone,0.7012178493746299,2960.4043281901227,39.15508506135992,9.045786277731994,No
3653.921185751579,12.65028392312329,87.40413819186273,17.915620634391047,8.5,Limestone,0.6368519936571312,3344.778332879335,44.84330530420986,10.595595326534653,Yes
1086.0542076058052,12.27349354413655,148.4652191599231,9.743090574626391,8.5,Shale,0.6253927821636754,2290.376729445821,35.5956548930063,11.426461464796642,Yes
1077.4324303514904,9.953973009526695,117.84996721319351,23.14398693215728,8.5,Shale,0.6139488119073913,2709.7587325546037,57.86502896261378,7.433698872439848,No
2132.6357670233947,14.94112578376116,124.59085420141496,8.941323027222724,17.5,Shale,0.6332868783103011,3535.1371807800233,47.74001737682245,3.5065823198891826,Yes
2710.2511664163303,13.57705587247628,147.89558735835084,37.6895596479416,17.5,Dolomite,0.7031121276406854,3884.7376597443513,33.63609832115078,10.786309261730072,Yes
3696.425962327276,14.784312811388528,93.94816042118748,11.42528695743011,17.5,Shale,0.7781615417349171,2075.7866884746136,35.520895940473864,2.4067201837011494,Yes
3391.533818122768,14.940732095121042,132.16561516075254,13.846805098290742,17.5,Dolomite,0.6564440781628227,2132.6055145497403,58.630660359745335,10.073371707198081,Yes
2560.659472318619,14.112668902493049,99.10778669740458,19.232278440973964,8.5,Dolomite,0.8664026538007914,3849.5454685846885,52.145057570898544,8.804216264256482,No
1957.6933319858306,11.79407950937288,138.25803046334818,18.4107563995694,12.25,Sandstone,0.8425147293718348,2489.777876906709,52.03215253514958,11.047276074229462,Yes
4489.935750551989,13.079100662615684,76.25917871801728,32.813201233926115,12.25,Sandstone,0.7561581338427491,3295.8708113018565,32.17495782015163,10.974631502474468,Yes
2491.634557825905,9.702740545898074,145.29175593578515,20.97108871928368,17.5,Shale,0.817262949244008,3030.6630718246906,56.85896513126841,2.531540854370797,No
2579.8545851538643,13.552340631061806,79.68945375697916,10.976889100116791,12.25,Limestone,0.7098985574096275,2213.969199485141,43.31206087675814,8.094464071756722,Yes
1572.6833741708422,9.844399418044606,89.35984562828384,14.352346342012593,12.25,Shale,0.611033337819927,3133.9055548950623,49.79151967919779,3.2467145516820177,No
3781.8334206247528,13.704621928826176,128.05730106961025,22.81896848156327,12.25,Sandstone,0.871299854259762,3138.914752392433,58.79067657342042,2.7846861174405473,No
3427.88779023521,10.221986205654765,95.4379627408866,10.160887109914722,17.5,Shale,0.6383380464773466,2981.1079635226906,33.00037141069671,6.4827714583073055,No
1772.6936447606613,9.38163475112665,114.7390239089802,26.407948647610493,8.5,Sandstone,0.8843812039138954,1749.1520621237821,44.468293784597364,2.9759753984874067,No
1288.3336596554495,9.739633676072181,100.01161509624856,24.801155729290105,8.5,Shale,0.771564776479833,3987.929555935094,31.488382099857954,9.279023831125928,No
3381.747557261496,8.514941014143027,126.81329433808037,30.01458107337902,12.25,Limestone,0.691668918306429,2501.0411529270687,44.986362699711464,11.689407105075997,Yes
3290.789249983973,13.890547133901478,80.54981271317497,37.81966153827787,8.5,Shale,0.7486573869935533,3095.627463492472,37.56778231462713,7.695829577830928,Yes
1956.4083444937328,13.993007867937843,65.26121885131893,36.928909638540446,8.5,Limestone,0.7504889426769282,3714.404235281548,57.331965878216124,4.351688695616866,Yes
4328.022467876436,12.362000124349446,86.99364577257596,38.112646632409096,17.5,Limestone,0.6069861238327745,2558.221221049591,41.954774828192605,10.432063915253954,Yes
1528.7026212331507,9.710221007915377,102.68777983815872,13.565045895829533,17.5,Shale,0.7066379555652416,3434.8126420138715,49.016173381562375,10.53103374930026,Yes
2513.1718036491066,9.126657531330173,75.12180469734108,9.604785732377412,12.25,Limestone,0.8219597398628753,3929.561061698515,55.80861794443647,9.327859723643943,No
4302.655720586596,8.643467248279652,91.93175606907498,15.579684517375698,12.25,Limestone,0.7530207566852124,2397.3369006326207,59.510755752515294,8.15132184813351,No
2469.045609241428,9.743111327239156,95.99847164642117,36.32798104682101,12.25,Sandstone,0.6732690351028753,2513.1739255818416,45.11458110985638,10.67792454751724,Yes
3234.8408168242995,15.181416512373602,65.16526593194462,39.021871611822085,17.5,Sandstone,0.7005329580110832,3763.9401474914216,43.67273108584368,3.6329168199755904,Yes
2391.5803928697796,10.311526312762613,112.49765233657841,35.076373287466666,8.5,Limestone,0.8589163179347847,1899.1071695379574,32.27218935889376,11.316001263440448,Yes
1959.7532082203452,11.157034954129116,139.59090851741587,8.850620239464027,17.5,Dolomite,0.7576649010450689,1571.4870958986057,30.38216830011645,11.472031492105682,Yes
4443.921767859399,9.290091133609998,73.65686216577473,38.15997993209276,17.5,Shale,0.7585056367653709,3772.22251212278,48.26406277495488,10.719923739971334,Yes
2432.6690221026506,10.167709785611278,113.80272120613625,19.81753095727751,8.5,Limestone,0.8884402377153031,3553.9789352939506,31.96393056442938,4.506620347114671,No
4129.34721287697,12.394184280851539,119.82652844197617,5.3258601766823785,8.5,Shale,0.696264419710993,3931.45758137833,41.4113681111542,10.581783863106292,Yes
1804.8411206188016,13.058145123217393,97.74012123773595,20.483780926186775,12.25,Sandstone,0.7438623375318685,1645.5944567766956,30.108193083193846,6.976382118376917,No
1745.8664640877914,10.340142356246583,123.0987828627843,6.612420938641366,8.5,Shale,0.8435140793162502,1890.443326102468,48.456824968970125,7.949302374008253,No
1108.9692900957898,8.932991194188379,96.96583891419108,24.035727240639115,8.5,Limestone,0.8276736746661089,1763.281397724522,42.76245481321489,10.406006225041452,Yes
3280.8338888155977,11.43274651845549,105.41735591796913,16.849390960296795,8.5,Limestone,0.6797398265786018,3208.540330734273,33.81062309358863,2.295828445452375,No
2289.842203033164,10.256525281947507,60.66177400989843,21.570222675791708,8.5,Limestone,0.6453273142816157,3015.025184367858,38.891028205224664,5.629425921756457,No
4025.25387443873,10.146654424223515,122.254810272122,26.460962626009096,12.25,Limestone,0.8102113728562105,2398.337998468149,47.089820969157735,10.156933772444656,Yes
2656.2346734204502,15.698971020350914,119.5208411050252,35.40803835362371,12.25,Dolomite,0.6772968530421584,1643.5586985056125,49.70140104029931,10.139547838017231,Yes
4388.6769977015265,13.122253644442932,63.45607895937101,28.1665551765175,8.5,Dolomite,0.8768027485572724,3099.1549601163524,43.8700763899034,10.486879268829329,Yes
1649.339304960924,12.67658832379072,93.14250966556199,20.191710396736326,8.5,Dolomite,0.6387743081967678,2925.301212787642,54.11877348272837,3.692159001394913,Yes
4040.1810878446377,11.618313276424914,148.11286567125006,33.67997487846278,12.25,Limestone,0.695494560040433,1782.2580276515394,33.37321235108957,9.058866182279601,No
3718.088984771096,11.717082500726082,97.8662906311755,36.69537481505962,12.25,Dolomite,0.6164361740774741,3772.2742611842855,32.536371678372234,3.4650334050541858,Yes
3698.226456254182,12.556787528785605,105.17508646186576,9.191598825126903,8.5,Shale,0.8109915920590134,1997.3742741799765,31.32732807053425,9.850980089510253,No
3956.741298409107,13.723223552770804,141.89371423437467,23.617654214347702,17.5,Limestone,0.8673787946746195,3358.772880359641,46.074835183483266,4.451260044545075,No
3663.583968300496,13.76609572136372,124.55356882791807,14.957918590985544,12.25,Sandstone,0.7907623581993021,3712.6896563573705,51.18695112703374,9.37817727586946,No
3191.771125709954,9.787704307790872,112.38631180118011,6.647141925693159,12.25,Limestone,0.8813259046534452,2948.687476734271,33.91564198267589,6.550016185279725,No
1459.3570718883566,12.250845640574703,131.8024213206965,28.399134328989486,12.25,Shale,0.6385511935503628,2117.1222632456283,49.16836865566178,11.862634645527724,Yes
1113.8416282193816,11.589685712755765,137.7929639810376,35.19697721107289,8.5,Dolomite,0.6263201781788097,2273.1212940628534,44.30843298568604,7.79893830749281,Yes
4222.967467354903,15.028952247020381,101.11992645635402,10.701592906708791,8.5,Limestone,0.8515238193502113,3714.368834297081,59.62033500453346,8.32579364220286,No
3158.276100822583,13.235641909137822,102.75975284386519,33.43447801683652,12.25,Dolomite,0.8566533526159523,2245.6428909412116,51.524208277992344,5.681635138512874,No
3787.880518416617,12.493780498119865,94.74458420866523,34.86885067379296,8.5,Limestone,0.8493118581321385,3365.4762082932607,49.72420005574878,9.345201578474331,No
2685.328230293925,9.36545981634188,147.00355260166145,37.001915493326926,8.5,Shale,0.8396894707601237,3975.413030638513,47.113492046170336,6.94885641104835,No
1410.5786613683806,13.042284169925587,122.74496288613153,14.284978118011834,12.25,Limestone,0.7086685091815981,3999.5417984066944,59.920985446491116,2.1806663509586413,Yes
1438.1502727089264,9.37902929260175,67.49007595872651,36.63835728164612,8.5,Dolomite,0.6652386250774163,2833.6993706733283,59.41377512563732,8.08581597875645,No
3399.4785053013998,11.02904931674314,137.66636609817166,16.223196415775128,17.5,Dolomite,0.878641205999337,3566.3894919652444,46.14345376483565,10.304595904293615,Yes
2506.0706321481193,9.571314736107489,103.25039467526412,24.3318304709426,8.5,Shale,0.6921000548545002,3975.6246698029986,43.65550042002785,4.368017700604507,No
1701.8365434511784,13.690552352682767,66.18785157802387,6.767761479129875,8.5,Limestone,0.7195223046492096,2436.6822246049555,43.86344768105257,4.210637550851846,Yes
2720.580913595029,10.046890853771144,109.47455296469799,6.535838092906026,12.25,Sandstone,0.80986768783549,2131.023962675765,42.85027170970097,8.088861831192705,No
1224.7312797629693,11.438945298910195,97.54478510781318,30.213062445627102,12.25,Limestone,0.6880068239981962,1785.583389605458,45.941949209889664,10.17979276425494,Yes
3036.899906700396,15.21756083214084,138.99744643763626,20.556799229222687,17.5,Shale,0.8457390664683004,1852.2490951828154,38.20752803443112,4.496203378435759,No
1941.4769155228419,10.032372875492277,78.35951432484487,13.970233137922614,8.5,Sandstone,0.6210103870895344,3633.890909051658,57.80366349343279,11.322626512430391,Yes
3791.4568522301583,12.308537979690843,134.38181485429647,11.664472360871857,17.5,Shale,0.8373548002166804,2971.807725767685,44.706902443858056,11.27387356681549,Yes
2086.266856232508,11.644537458745166,110.19198220669074,28.44837218007263,17.5,Limestone,0.7805553967853412,3684.2729384812146,55.260234355158275,4.005366719079333,No
2593.270521786304,8.635930307842973,64.91492728921222,5.014054040886895,12.25,Sandstone,0.7718980932340779,3473.637722580421,44.259110240028605,4.637844120568157,No
1040.6718896783523,14.445685851796096,147.46607711929363,33.2061909218899,8.5,Shale,0.7375131117415982,3184.361575120044,51.548708217307286,9.005988109481613,Yes
1253.564107280956,9.017844297359497,106.135371969288,7.773736214547508,12.25,Dolomite,0.6831136788850267,3023.2804797671515,40.1064589342974,11.51733109024426,Yes
2373.727447423397,12.056912657327151,86.17891688084242,11.70213652178418,17.5,Sandstone,0.739221085629371,1620.8472604452325,48.744205731997816,9.098826887763146,No
2679.7859215099325,12.705087212042125,102.24661577903322,18.518273835468136,17.5,Sandstone,0.7350085536056061,3680.6879900079807,44.95114336352758,6.44900049820538,No
3100.071918417563,13.213198424609402,137.207200516574,21.970055890063627,12.25,Shale,0.775126256634921,2544.6051541992856,41.01342769600829,3.6900134642650313,No
2020.8190254825613,13.664737219809066,87.44128119465572,17.42482905348796,12.25,Dolomite,0.6844722857566591,2899.46714267848,56.44668783204003,6.610098488396211,Yes
3432.436601442899,10.399542876420362,77.34087568380303,16.224925774450284,12.25,Sandstone,0.6232786745928447,1554.8837546925517,33.38135048246727,8.067677919705545,No
4010.428390162216,8.57484082493837,71.61641222377934,38.7370604225616,12.25,Shale,0.6435268339917415,3840.1837546569677,44.60769444957331,5.309519189566503,No
3729.478461126724,13.92582746766184,86.80734585511901,27.4552888435188,12.25,Sandstone,0.8097532294384718,3756.851152730004,35.8310721979841,7.102578212000898,No
1138.66588871925,12.51742449510684,130.2043278336039,5.820153437858587,17.5,Sandstone,0.6067476988906622,2858.195074795264,55.831652736527744,3.3021412832870594,Yes
2681.774315402401,14.770882774054366,102.44637286757356,20.05615679555096,12.25,Sandstone,0.856932913393629,2943.2790829208934,37.6040803414699,6.521881045125864,No
1367.255624463612,14.660412721755208,80.4733443324186,35.62530449103896,8.5,Dolomite,0.808319198243974,3262.5430310087218,49.002910203354645,2.90775818929554,No
1847.157555518846,14.824946258409124,74.95664996487743,15.55096652437338,17.5,Limestone,0.8304259623923149,2161.7372410903754,34.966905452560624,2.490887499489906,No
4453.319076435013,12.138209949846551,89.94565288593412,8.309472067103588,17.5,Limestone,0.8507953347280425,2054.7890567832565,42.1474100841251,10.572399155993272,Yes
1498.7344001552963,11.002212968776492,144.5931935597138,31.543467005647123,8.5,Dolomite,0.6368131331790543,3185.057366504082,56.98071586948093,4.050815841460749,No
2746.1085370797464,14.436686519435275,90.8724041331022,26.210484117762846,8.5,Dolomite,0.8467353272910199,1761.0561153972703,34.98193333205821,7.7515532912793335,No
3163.545070113417,11.884705847719411,148.93116683591717,24.960937773927636,17.5,Shale,0.7513927312977169,2635.155011808452,49.89587476045019,3.489827584099924,No
3458.6273969043636,9.87581647302576,103.67074101888205,6.875179586259277,12.25,Sandstone,0.8656571516259591,2731.901059997725,36.13531111667864,4.6252757090929135,No
2958.770392204199,14.912305146711057,76.12475264611358,9.917465342843107,17.5,Dolomite,0.8659759803181031,2453.3424422879198,42.472471575964974,5.613394197694843,No
1034.1979659671429,15.119199075792604,140.20260826141583,26.78922886745898,17.5,Shale,0.607253413126251,1963.1704392443366,46.21850653123798,3.4367643635477023,Yes
2142.6145788539716,11.997323171051276,101.43198358213442,12.273834451059253,8.5,Limestone,0.7148595646450617,2388.2906608133867,47.31919254569243,2.459622970111103,No
2811.9907518464897,9.067747954823407,123.87042091540721,22.642452791194852,17.5,Limestone,0.757919638759582,2343.893133901125,48.07534012659466,10.771598020180111,Yes
1307.5327470069167,11.408695674376984,148.53404248882367,24.070859011028773,12.25,Limestone,0.8035080269348706,2748.164186621876,49.203942461727664,2.1183283587977213,No
2227.194259232133,14.526532445969526,64.51578152879766,14.922751659482879,8.5,Limestone,0.6858558740052402,3186.7021039462984,38.153060930213925,2.613209828350678,Yes
1116.210880769783,15.263305214096714,68.70251038088104,38.19488044395225,17.5,Shale,0.6756426781993957,3920.5878088154263,42.04102457151477,10.050721608281025,Yes
1275.0247400425726,10.026045568731968,124.84110673164805,34.486243739245126,17.5,Sandstone,0.7143797157267142,1860.4081504358205,31.119559907251933,4.82008336773056,No
2389.231466705586,9.002302090189536,85.36425029659247,30.28307276714795,12.25,Shale,0.7502816075249683,3682.5427748527045,53.062709295941254,9.228203011146974,No
1464.5051391507113,15.08012839849629,76.58712572550891,7.729785324329318,17.5,Sandstone,0.885343869421624,2210.445000975656,55.112985053667074,3.4622574921791376,No
2986.392968915454,11.420537042341564,63.542569183775655,8.71455067581568,17.5,Limestone,0.8286325400092313,2978.431925003514,35.977102904566365,4.372817485967193,No
3413.1273919804303,12.563207232006725,61.96620407875816,22.247347105273448,17.5,Dolomite,0.7287963500813116,2866.84236995967,36.04331893889046,7.7277651659699345,No
3802.05344688179,15.760493590380692,129.70370428078118,10.6249672216845,17.5,Dolomite,0.6163098535320551,2892.371046570657,31.26109206571262,11.886358384892835,Yes
1700.5258548568354,8.99923545935667,72.0990084632595,39.239291223531595,12.25,Dolomite,0.6505561776431278,3308.3965292970324,59.11151468377462,2.7344447015922317,No
1586.189037906744,13.362385055890716,102.09485543740358,10.54820819095933,17.5,Sandstone,0.7367773272958251,2454.2207643724896,54.21559704351687,6.005545979818322,No
1365.9874411704009,9.055790669311502,114.53071336615346,22.06137424123909,17.5,Limestone,0.8441477700296113,2297.749908092139,40.82109608718096,2.430809700059248,No
3227.5058734027284,11.316016963498752,98.55166205119616,17.744236989452688,17.5,Shale,0.7142086607032032,3632.0864329636934,44.45724814409476,3.992264426559749,No
3472.665042704154,14.528609088950851,62.43959871026098,27.37852475089343,8.5,Dolomite,0.7615489952235179,2050.2376006856757,38.75900881952606,11.074710268385045,Yes
1110.551506889747,11.751041745667258,130.5151352329118,9.516274311129873,12.25,Sandstone,0.8675414658255307,1950.6150932778578,47.91731904966253,2.9646010378976966,No
4276.742861852914,15.978867654272129,60.94619020874882,20.06107498148368,8.5,Dolomite,0.8741388778279887,1539.0185916381522,51.51925237000525,10.568559213756336,Yes
1181.8994927801534,12.692944637099515,128.57009049397357,14.614676148250027,8.5,Shale,0.6647324989328068,2026.4444550729668,43.42105433975616,3.7780323811008127,Yes
2894.5371735537465,10.90871614476965,140.39740444093104,36.07130336350908,12.25,Limestone,0.6130784765377782,2796.328583291771,56.2078257987487,10.617848465377039,Yes
3481.7118180782077,10.150834944285648,98.95559289514551,6.420499924714328,8.5,Shale,0.6916231592914545,2846.2721825352837,45.5107758665643,7.380219631356752,No
4048.3919331112997,11.128904007146215,108.19882257880184,36.98046229022607,8.5,Limestone,0.808740694447734,2136.0512279888358,34.327598072334325,10.782066742268436,Yes
3499.3042624634973,11.293999553196631,102.92850533558884,34.154794849355014,8.5,Limestone,0.88533366029288,1680.6854251029997,48.66874127512925,3.5170364465152044,No
3806.0482907442715,9.015352582929708,95.02877567610949,15.41497507542854,12.25,Limestone,0.6231095999952342,3361.6019908630155,43.866928977234075,9.62036551307826,No
2188.075673899821,11.2718064957008,139.86820818333243,32.62517291369866,17.5,Dolomite,0.6085451431647815,3394.9383714057494,58.07015589245177,8.806985960805767,Yes
3851.8878981127928,11.981788898044186,140.45401596029916,6.092474611856165,12.25,Shale,0.8652441638957166,3994.5909907289038,41.7568176280774,7.429333873929625,No
1280.401962346363,13.920533141791035,90.2234728177381,38.84029426026878,12.25,Dolomite,0.8244435807309424,3750.073926336794,42.08597217450312,10.10587344410973,Yes
4131.858296211847,13.42547113541206,115.35627786132281,23.43082299064263,12.25,Shale,0.8976745737466726,3815.155161294106,49.52320169344831,8.482760244270397,No
2916.573316538077,13.815742414218658,143.42168059312777,15.614835912290584,8.5,Sandstone,0.719037864439696,3495.5095643598547,45.80958654979284,10.770469246077496,Yes
3860.542194868728,8.562727614076428,146.58526490472164,17.690412440813695,17.5,Sandstone,0.7248152715410308,3038.757133456248,41.233496326153045,5.81062146785566,No
2583.11399581405,10.13250549685402,105.80631363798429,7.324187371117407,12.25,Shale,0.6516935511892349,1821.3648940112762,59.693232470402684,7.89923178273815,No
3252.5219331878375,13.462632162998924,100.75423247558942,39.627232991471374,12.25,Shale,0.6347541457792015,3055.7832436396943,39.06556529998251,10.706008425757117,Yes
2842.4093132763965,12.129920261348104,85.08248843356732,6.3752180802742355,17.5,Shale,0.7736154031770714,1639.8896510365666,38.325863759550856,4.148140641041346,No
3560.5633261436615,8.539851067512595,146.29846858713688,27.921749310175066,17.5,Shale,0.7092855003884497,3713.2477781779808,55.932828855663104,6.8574135661685425,No
1285.7049371070634,14.533709818238668,72.85328740255807,20.49575746972604,17.5,Limestone,0.6240949343835736,2704.553338535494,30.101188306516665,11.607418217286689,Yes
1211.2322939669732,14.29607179967753,112.18466184429525,38.21206763660503,8.5,Dolomite,0.8660961208569959,3243.682079939501,36.03759482714723,6.736018014946844,No
1864.8613190355127,12.61314372245172,85.4295240766775,13.609990910737832,17.5,Limestone,0.6595069404748,1630.60915923991,47.71340064785929,4.528294451955403,Yes
1558.4063803961592,8.99847494332204,85.1107461313017,23.623038837830396,8.5,Dolomite,0.8245753041010598,2835.6210573070634,34.873515835339944,5.510762387432383,No
4051.242483072706,14.248862871494385,96.44717286385696,21.882467300396353,12.25,Dolomite,0.6846685788354333,2253.1584946334065,59.57411768170765,10.850841193734466,Yes
1767.248955753155,12.87785190798523,149.8913642234089,29.60032554175355,8.5,Dolomite,0.8438714492258397,2212.4206643431144,43.92586867264893,11.548830387675503,Yes
4415.52839536696,14.364699828684694,64.94696761558399,7.380358118334717,17.5,Limestone,0.6355190524282962,2474.1397867579562,47.920922248816524,11.501076426861392,Yes
2179.135271198874,14.138102442968803,112.06876363831783,11.782619550817419,8.5,Shale,0.8268214830665285,1501.5986521513373,34.8112039531558,8.989423919685713,No
1637.4127049104475,14.522515539683779,67.43149422317495,12.509768703249744,17.5,Limestone,0.6294356621701537,2666.652204300434,38.68134302615783,7.096018888246125,Yes
3763.944774998677,12.385060498034687,73.90687469914671,30.835276419459138,8.5,Limestone,0.734074736357083,2716.4167090198457,48.43874348038247,3.8268893490734186,No
3305.4772142530664,9.552433886451363,99.56066475956088,11.619854371435903,12.25,Dolomite,0.8202013051798813,3657.82728959766,46.48660119859193,3.2322101207046456,No
2743.6850075859866,13.533681050347665,105.94141182117971,25.072211736184183,8.5,Sandstone,0.6519655143560702,2621.3140197062057,53.53091836323498,2.5976660764134625,Yes
2943.7724282817094,13.15355338788978,83.29131675280716,12.53353371753338,12.25,Sandstone,0.6856994966540169,2408.890734669182,38.076995357229485,2.1771490950896926,Yes
3517.206223952923,14.066898903993154,88.48114177869746,35.15687325293925,17.5,Limestone,0.8594300976276593,3986.8676284061585,49.606264401196015,10.78116722105682,Yes
1799.5915946595455,9.774107545380515,67.82703182303398,37.97649090713735,12.25,Dolomite,0.8655357962722938,2928.033311506241,38.729265172465965,10.090863158033445,Yes
4487.168706198597,9.962313999252169,87.28978054598255,23.147254122978417,17.5,Limestone,0.6134806357358179,2681.5330215853487,47.60257859238361,7.678213805004708,No
4411.7760675137415,15.178071379144964,146.99025954424897,17.33081094732124,17.5,Limestone,0.6504271756058926,2739.8395863709484,48.150929030556256,11.98723254537714,Yes
3276.139902214279,14.124833488390532,145.02366435052335,13.19202212561247,12.25,Shale,0.6352415820818577,3522.9532437720127,33.65517334063466,11.530520722016412,Yes
1698.398578252008,15.311713665252423,90.13904611232866,6.742335053306531,12.25,Dolomite,0.6539079283953909,2351.6909224254023,46.45899332058798,8.551089707147064,Yes
3380.7988485095198,14.190364908729405,111.37685426508854,14.397502666912338,8.5,Sandstone,0.8910563172918817,2472.901156714864,30.358148998625474,6.645745670402535,No
1252.6944314271154,12.978664794927264,141.86358519998498,27.898252298086128,8.5,Sandstone,0.7654965746371369,3389.6833983436636,45.03632254124074,3.521707161131296,No
1107.2837577203213,13.405995527709052,60.5565440376807,23.67659259582238,12.25,Sandstone,0.7404337171364781,1682.4593490344237,50.92565665824225,7.155938052543524,No
1901.8901097892478,15.168459429550076,132.96152133038328,38.04144473983246,12.25,Limestone,0.8953402119277849,3662.922895358147,32.18498186969966,3.5774367288552726,No
2619.180348587607,12.841050658839553,145.35325975100272,18.86970418720952,12.25,Dolomite,0.7670868389582206,2575.5067411699247,58.161324492510815,5.98451304246189,No
4038.953768929332,13.242934932462905,68.21931609002013,29.285216981493807,12.25,Shale,0.7983353782036574,2953.232438764121,43.76266595968363,11.42648108432751,Yes
3545.091744182078,9.673575370027004,74.53029174296289,22.12629616162925,17.5,Sandstone,0.6998311638147541,3393.690398149588,58.152488268721854,5.419789893356374,No
3599.4728241999337,12.05440915087077,146.467167249422,22.940167557347408,12.25,Dolomite,0.7146344593528555,2165.129806098362,33.22195271073397,3.527872736434671,No
2489.2266705682637,13.872978339685742,108.37861292763117,14.372101011144112,12.25,Sandstone,0.778322815142722,3725.7855208016276,58.497077832586044,7.823966042362146,No
2210.7724739143705,10.532070237372741,61.277697102455136,20.92327718946999,12.25,Shale,0.6209357352001394,3948.062430641527,33.2759129827604,8.023641741274721,No
2298.6356704461095,10.016906353934012,83.18687988871763,21.477474895444754,12.25,Dolomite,0.6767648658134325,2735.685903515311,43.84487395354008,3.9380424246791583,No
4456.773473076202,10.853701061683116,100.49493068419736,29.732488261212687,17.5,Limestone,0.6590435248380921,3842.3434125816834,58.13976200180597,3.9658658758196026,No
1140.3821699436887,10.311254709946251,122.36180199222909,37.92239997151398,8.5,Limestone,0.6047680179420011,1502.821556317457,36.981246011666144,11.89549791324827,Yes
4034.61023642857,10.11184477777297,125.98443403231197,16.52624471188765,8.5,Sandstone,0.7610703811561266,3735.594574088821,31.04354942576202,4.43281072862212,No
3025.363930003377,11.686381321510652,149.58793616329103,6.477016400345446,8.5,Sandstone,0.7683158518571638,2277.613299378264,53.79332025084663,10.381920347835841,Yes
2535.1539671635664,15.308788854126504,85.87600794453832,22.37032939252239,8.5,Dolomite,0.7151817669111776,2278.7385618190046,47.876509130070296,6.703238255459795,Yes
3538.4018114529777,12.302947350540387,108.43980916816278,24.0561466252209,8.5,Shale,0.6806182408394372,2070.2221619248485,45.417635787043224,6.34989238912728,No
2703.34129498646,9.909402856114923,107.99911930736445,10.895419289617035,17.5,Sandstone,0.7956179627983875,2292.5347528772545,31.030301530596553,4.949624161637524,No
4056.981333285812,9.077287520356556,96.50807335025138,31.616261219662334,8.5,Dolomite,0.640397748415337,2033.7114592465878,49.596938064205354,9.738257968923307,No
4152.456524039405,13.72117108853444,75.22457044581782,39.47251879545221,17.5,Shale,0.7555845094906002,3764.6727657749293,35.148700556536944,10.806608784415548,Yes
2476.023244057094,11.370990733272908,147.97109068654584,38.102115095296135,17.5,Sandstone,0.830422195743186,3747.5593180334163,57.93590040614086,4.611274615590803,No
1968.8972903226804,14.663732099390195,136.79854679999275,11.898711358827827,8.5,Sandstone,0.6492893951857417,1755.5282873015562,50.57180853227046,2.95096669349114,Yes
3073.2261500767677,13.446330764805776,104.84997254648135,35.63771339652662,8.5,Dolomite,0.8259778615787456,1857.146072166231,51.21101664101509,3.369195528856099,No
4193.271709658418,14.471810879060264,114.29208804156269,29.657277274408965,8.5,Sandstone,0.8282383527460194,3655.0465975266666,36.977408178338415,9.92803534766244,No
1737.317661519833,10.539595295638366,80.4534948203696,20.884629733241905,12.25,Limestone,0.6179779944691365,2497.344427181865,56.422615141701556,6.358269113196258,No
3180.3830424721896,13.692691918457935,108.94083633525722,23.921384801365516,17.5,Shale,0.6056352978261546,1923.1791933481957,46.13197712349603,3.319146584107229,Yes
3210.460770323822,10.48046488520289,122.54731198093282,34.73600612438604,8.5,Shale,0.8921806217964585,2776.673506091418,55.712525334426914,5.402882064196246,No
3565.8955784534833,15.543013595877188,106.36503255479299,21.80472288734306,12.25,Limestone,0.6580147978496474,2541.6701248002373,38.12842424496828,7.14235482853053,Yes
1460.4868979454093,13.272807111500308,149.12566535264472,18.062257918679443,17.5,Dolomite,0.8466417627300309,2047.903884344913,52.66385139294738,10.520516838450082,Yes
3505.38737638731,10.933838501315066,115.02074906229535,22.2636622559095,12.25,Limestone,0.7685551959135896,3301.880545694086,47.237007109801425,8.417432542251749,No
4181.613822329744,10.521338967192044,93.38763413329522,25.26954314122672,12.25,Limestone,0.679341647261099,3078.223280831827,31.45257917431745,3.7603280108000074,No
1628.890881045847,9.931949388037326,129.49368248542544,11.61771788224221,8.5,Shale,0.6389911309856438,1749.1540338886014,42.16026971319861,3.5870271235833644,No
1831.4016372335718,13.709807191702957,75.34162604234778,36.53177055934467,17.5,Dolomite,0.7490031820733183,3813.466785813356,35.51731395370395,6.123342156333225,Yes
4399.8828291457385,10.140367097484454,94.60642323356399,28.596543209036483,12.25,Sandstone,0.722206443488835,2896.1749143251727,40.77520763636268,2.7519284770175636,No
1633.4193344832142,12.964774494456169,91.22630553398272,27.16441210681211,17.5,Limestone,0.8096658255351203,2125.5112176588545,41.50054902795667,9.55577195283873,No
3990.347826793527,10.48476270194018,98.86263855969995,8.482367916322335,8.5,Limestone,0.8712505648643181,2015.7295376809088,44.24785059085154,6.014538203037721,No
2722.972497568122,13.464767085954016,130.36018433358538,26.146087836040714,17.5,Dolomite,0.8415744260890315,1839.8699534305038,48.00871328185389,5.430237727813903,No
1865.3087604111197,14.612047964054044,103.57557289470668,9.233623178347232,12.25,Limestone,0.6823356150614436,2561.593515975877,47.12932957494598,7.091083323914358,Yes
4047.62465445379,14.335189323584899,131.46130052393664,7.754418631838966,12.25,Dolomite,0.8636799655356917,1838.8525327270918,31.169742141149854,9.089568037628478,No
2558.568392509329,14.206384981980863,111.88400128258793,23.455881347483764,17.5,Sandstone,0.8500173942313812,2539.5410314880655,52.520676554661655,7.693469444930521,No
2801.860738753916,9.90791804269189,90.78624911917998,19.097493691627324,12.25,Dolomite,0.8787408701165305,1871.9260705852942,58.47551653418304,10.02402781721987,Yes
2257.3167928991797,9.162887102383891,132.89808693151252,25.608359455467813,12.25,Sandstone,0.7375982463113964,3142.018803809723,40.460438669549,8.293625638701174,No
3075.327980022246,13.742116213655393,81.44607034977824,8.122775882003351,12.25,Dolomite,0.8305725517228195,3463.1050542158955,35.39240704014776,9.879702674082639,No
1572.3335540475796,11.262604103457635,80.19446818198159,20.084407199654045,8.5,Limestone,0.7774974196571012,2873.8068688068965,46.20004689346156,8.967822735646749,No
2368.7853782811626,11.742596698025105,105.40526316493522,11.11753502658053,8.5,Sandstone,0.693150825764845,3200.142187137243,51.147387847324325,3.931228402637365,No
4392.943128173507,8.733618195950433,83.476432136588,39.54850300734408,12.25,Limestone,0.898329300762829,3845.9468427101524,50.3671468358299,2.5235445018579874,No
1903.4670144539464,10.44682336956287,60.81783314560947,24.640257435231103,17.5,Sandstone,0.6114922400518984,3095.9288239265197,48.36328732502575,11.033968005033815,Yes
3298.5783258945225,8.75257302905848,118.34677745689214,29.060290132930355,8.5,Dolomite,0.6486817717677223,2410.3954954597066,34.386967563846255,11.456561653820842,Yes
2138.165224786432,15.093893294509357,105.99844393251581,16.389639823891272,17.5,Dolomite,0.8677627087595685,2623.700396687289,55.10474683208995,9.269322966314721,No
3707.155939903102,10.325475124138979,100.0966033043845,8.315862017277045,12.25,Dolomite,0.61816885302379,3651.3130651800925,42.76864687256446,9.24205822695949,No
1458.0578125142245,12.68002877179756,147.0271663156484,39.155480197423785,12.25,Shale,0.8660462002030566,1826.800797375241,36.6440574909561,4.701470804941096,No
4394.373657774906,8.792344904958478,111.40792655666223,15.019066238411412,17.5,Shale,0.8145664428174603,2314.342556126082,32.5879842318929,7.424417088818329,No
2588.2633948427374,13.501355434792435,137.70884200104462,19.8332864810751,8.5,Sandstone,0.6110052016183627,2943.20017242621,42.50157344919147,11.922396637046083,Yes
1826.1766217126237,10.922705093155704,72.55052125846441,27.745237259590127,17.5,Shale,0.728796012856253,3190.9739235210864,48.53919140541922,10.561435980700194,Yes
1257.2386156550442,15.234393902182493,111.22858168164849,5.864405419013895,17.5,Dolomite,0.8263414425006712,3408.747688579263,49.96133127454523,5.043943525519967,Yes
1594.1526678063926,15.160886417005269,138.11816640578127,33.35906956810504,12.25,Shale,0.7749300853892399,2295.516989990218,58.8821073419177,5.010458656978904,Yes
2819.208819946062,10.939679637713109,112.47951815519082,23.78023665100171,8.5,Shale,0.8807613875893374,1864.6478350228758,34.594442509912724,6.835772911480591,No
2179.511117509502,15.25720671767851,124.62127603143014,14.737601547408776,17.5,Limestone,0.8602932098736,3887.0980241913994,59.57320995592656,6.045986661677845,No
3901.091780589133,15.97118255124084,93.48392110309867,7.156279485236423,8.5,Sandstone,0.6997942906002438,1690.9805428300988,49.64027641716684,5.711530462801747,Yes
2508.106332816321,14.69061748092961,68.320456533336,10.687444541605451,12.25,Sandstone,0.625388158656027,1739.5133894672135,43.62687173121604,8.269719088061034,Yes
1870.4999540567046,14.836535108164217,101.21102656143643,36.32618505987029,8.5,Sandstone,0.8832771118936954,2737.356354754922,56.645826775444775,2.1149246963353754,No
3160.0074531141054,10.367565520818175,95.50314517549717,29.010847837756184,12.25,Shale,0.755186030330378,3548.1775703589956,50.83439225860178,9.633396360332767,No
3473.7202590990605,12.825267991433172,138.03541641410527,13.746560257291144,8.5,Dolomite,0.6223192873115846,3436.260265888317,40.46151644571046,9.40052996675785,Yes
1584.6466776533246,9.004419354755258,81.9595772117225,7.296026773076034,17.5,Limestone,0.8449726840077839,3844.2481654852295,56.522570897293846,10.303256805947012,Yes
1586.6672570091118,9.211884526162523,147.00608047815973,29.171535933532272,12.25,Sandstone,0.8605519412056173,1854.006439032471,49.998463704586044,10.414506733068134,Yes
1128.3499942674005,15.99169459024968,146.23243078240466,25.03427040887178,17.5,Shale,0.7918273920529713,2439.31814265609,50.96512067382658,7.6639969476046845,Yes
3577.4070527297417,10.949794370694331,82.28684787642948,19.158183356038226,12.25,Dolomite,0.734252689705902,2205.3553218042753,56.89169664258078,9.800739356232906,No
3323.315846676318,14.111379340366348,91.32467599295884,17.726400721652233,8.5,Limestone,0.7986519036970718,3652.17530888668,43.45248623907166,6.923951254805193,No
2661.2080651243486,14.549987897701124,140.60001667864964,12.58849965751879,8.5,Limestone,0.8120051087115371,2720.886550703001,49.7071231787927,11.515298364183005,Yes
3954.59657139219,14.93517453255422,146.99599988064966,28.43639397881312,12.25,Sandstone,0.8679089874257904,1567.1198360391659,52.340670649133415,3.906985297874347,No
3819.845535325186,15.982212230516174,99.90951925524396,38.97338097278547,12.25,Sandstone,0.8867585041124215,3269.911017095991,43.61820174392345,11.156170920738994,Yes
3048.7402753886327,10.311223639426508,88.8897341076808,11.150033604288904,12.25,Dolomite,0.7542962797172734,2471.7452445665067,32.503563472133806,4.585303612677231,No
4038.949481796405,8.802631201447747,107.34846119263878,25.899081700542617,8.5,Shale,0.8395483600579687,2827.8669084275307,53.143193072830826,3.0272337368685203,No
1720.444235128689,11.583936384959394,121.89922857291613,19.846476951109167,12.25,Dolomite,0.8893528667974965,3734.4685675249953,31.434490582300853,6.391044474069674,No
1391.7186678920475,9.475605023717103,84.61270638374819,20.634105261063272,12.25,Sandstone,0.6453730014440898,2141.844436582029,51.537432051682146,8.149172424160593,No
1944.1236403094636,8.668194168715413,126.28258571571655,13.895154804473504,17.5,Dolomite,0.605480394482903,2100.661689030443,57.326256255736595,4.309898731999523,No
1199.803996312602,11.203201203561147,64.6491621403177,33.87972064814967,12.25,Shale,0.8606891318544883,2157.981260450223,40.409069951100555,7.557962411442978,No
2859.093348003612,14.378036883064272,64.43650434879748,21.98394614515344,17.5,Limestone,0.6585819999741482,2345.2699781492565,33.06185355413481,10.078933569345047,Yes
4278.1199230323655,12.746355184188031,94.76589346309908,24.019204826939244,17.5,Limestone,0.6127436299895402,1768.384936615249,36.985919693725236,4.570849658037227,Yes
1137.7023923397837,10.845834919077655,91.81258728546486,15.666631947906401,17.5,Limestone,0.6480288412972334,3243.0491520214737,46.86844692376177,7.80322245914203,No
1427.3846990350937,13.407565041195397,88.40698938304371,11.36329629834324,8.5,Limestone,0.7152344733731308,2018.4967945728413,58.279792293182595,5.393125961930803,Yes
2582.6965989920236,10.24013635231608,104.1917786402019,8.006863587098717,17.5,Sandstone,0.6657797104777741,3815.3643681764643,45.3684818965835,7.297684675304803,No
4268.562561347668,8.607860845540637,88.8660224080414,29.994169932372056,12.25,Sandstone,0.6915760887301329,2039.2157847746766,33.38211864590089,8.669190195749694,No
2106.5463674186267,14.232650398273204,77.30321266212827,11.868199859074947,8.5,Shale,0.8925882154290139,2139.1050732719377,48.83349521149014,5.5042257181609235,No
2775.3218304093734,13.17807313648007,87.85225941797408,29.152637396607922,8.5,Shale,0.8113216632487725,2242.5505720270407,51.985348103638245,11.94482882452134,Yes
1145.5050066763724,14.2172696837572,147.74138455292115,18.663175611643386,8.5,Shale,0.8136575184759612,3421.34524252854,41.798510099783726,7.637751984296409,No
1519.2012033673109,8.792035125157492,97.00020752953637,19.5521180346378,8.5,Shale,0.6284056124183768,2569.0162186050748,51.64542193036243,10.244615590929387,Yes
4453.2054303559635,14.778397208729892,100.02414991725021,21.421212363247008,8.5,Dolomite,0.8196295109468075,3548.3365600765464,39.74468445417569,9.251352229107912,No
4377.915437526159,13.146446500272276,111.8890490956026,17.869797784464012,8.5,Shale,0.8218032998865915,3462.1342808894715,53.6727045478924,10.528053137029477,Yes
1017.2899332704336,12.725465130344801,148.50066915728038,8.521699202790654,8.5,Limestone,0.7979235055219897,3823.7260569186665,40.23216478710207,3.738009545385679,No
4331.341248981336,13.184605360858987,81.74411487921867,15.837113350099603,17.5,Limestone,0.6685308887993625,3391.510387760137,37.683212748018775,4.2255370972767095,Yes
3236.9197823542513,14.98324935151273,121.31538994791904,28.230702624287844,12.25,Limestone,0.7269108537246555,1629.777924172657,56.37544217674725,6.874111778902902,Yes
4037.7140308200774,12.902023799191802,124.43862241875517,28.302454051410486,12.25,Dolomite,0.8538829364008875,3593.203184247646,46.454202635261886,10.523286764854422,Yes
2591.589494718507,12.857127849161344,114.65919751137594,15.017850753399802,17.5,Shale,0.8010604888021879,3845.181491763528,38.55468866225054,3.9760658139085874,No
2804.586100027376,15.930093677993243,67.97205056729797,21.10359192951908,17.5,Limestone,0.8198306504999707,3984.2229813741724,58.052606689412016,11.710658321072984,Yes
2710.963030899221,14.17547625301426,120.91850482448189,11.770652980417811,8.5,Limestone,0.7762123200377427,1813.1689853311627,50.72553526398148,3.276023083151414,No
3334.024901411365,11.817203540883515,65.7685239932558,12.363022853544251,8.5,Limestone,0.7348759797335336,3033.1831733163363,36.62101198966702,3.75077945180508,No
1488.779391647095,13.805477500246958,113.65283845949072,5.806648094231259,17.5,Limestone,0.8277156030201325,1998.6466647103985,48.43927063778342,3.6723378336607544,No
1104.9075645543728,11.419228537688413,126.56230594995684,36.38612924677106,8.5,Sandstone,0.6203777443098915,2156.2741022814976,56.11076493867074,7.860059530346195,Yes
2077.754795569168,10.216565968626242,78.98729015579553,12.374733277621718,12.25,Shale,0.8019482198340793,3363.960845557145,50.884594276201724,11.175410815966359,Yes
3466.3826695782636,12.976389076658196,135.74598067884966,12.963685692776217,12.25,Shale,0.8991613523552038,3944.1692942476507,37.342774522803914,4.551113871664383,No
1706.4870824303193,15.461365735854635,62.73184249797038,14.786050142579613,8.5,Dolomite,0.8340575788404094,2987.1387536575576,49.46544986083545,7.530368534585614,Yes
3357.0135166372106,15.46854640011597,135.94315772924756,9.459282509340015,8.5,Sandstone,0.6871690534732365,3626.4611745556185,48.57478118160603,3.7577251004746075,Yes
4394.692161375447,11.064289585791178,101.42961455784885,27.3742009113477,8.5,Dolomite,0.6833458484116142,1522.2095095720697,54.62530990736066,8.311368962077985,No
1328.6525052629645,12.457580996662713,79.582914593848,7.63000336121553,12.25,Limestone,0.8001655831780377,1591.5790996240482,35.34397790990099,3.2324633617951175,No
3354.107413787942,10.087269239273958,72.04003304945712,9.69708492142226,8.5,Dolomite,0.8687562771025592,2991.8108433146585,50.989040010040796,6.913107675126978,No
2553.125767565999,15.967233321241626,145.7976450824135,27.566485430653252,17.5,Limestone,0.7733849222543528,2472.457754001098,30.82112076401106,8.551818136768674,Yes
4038.4978903212686,15.858384309009518,66.5399028823041,16.888121716850495,8.5,Limestone,0.7582206861510175,3724.3945374328846,50.88525901907303,7.7912791675551025,Yes
1620.0242630658508,13.371316972805854,77.9184077942333,29.778173934541616,17.5,Shale,0.6481152401531014,2254.954782714334,58.813119118156706,3.4000048270074252,Yes
3424.1908327915758,14.53310544758105,91.30401126897414,24.50986606345497,8.5,Shale,0.814637086607945,2580.1275687601187,35.23164798748852,3.6137337151482933,No
3933.403513768386,13.86325120962775,115.82113640650084,13.960741057152957,8.5,Shale,0.8106895858913672,2819.7729945789206,39.33899318457027,8.713910048249883,No
4306.149768159081,12.948686642796012,109.03209767484886,27.778978267126483,12.25,Shale,0.8900854177001543,2182.5970822156187,47.48614716085653,10.089092960897762,Yes
3391.3680990137605,8.900109977416733,71.30791431710826,9.069578810250823,17.5,Shale,0.6900576552916993,3771.237168633236,51.97185137571767,11.080744025295909,Yes
2740.1116740294956,11.910732569144958,86.07551853643932,23.774363407801065,17.5,Sandstone,0.8269336429102596,2661.333961645243,40.33114171213603,10.13611515346117,Yes
3162.4653407042483,13.56089726625558,81.48765939774216,20.30018367657621,17.5,Shale,0.7302195783592886,2560.3890227975426,49.92776931420413,11.739238788871948,Yes
4041.1674456755136,13.581487104127635,79.21885690413072,14.375575398610428,12.25,Dolomite,0.7675418374848405,3624.3826223358315,56.97836377608999,6.082518041651354,No
2997.134113235904,11.298419638167877,97.00299028319884,26.140174920882504,17.5,Limestone,0.8449361566801674,2279.9460041197462,51.79676361672786,5.311657542220344,No
1106.354708938929,15.56268989993523,123.36283073324913,35.49667573190989,12.25,Shale,0.6665985135056927,3543.663361277402,51.33068152806732,2.281840523451169,Yes
4258.320434274422,9.755177741775857,79.57076389955124,39.96166449170769,8.5,Sandstone,0.7028606218582245,1805.6821318033737,41.45911975249848,6.4989585598809345,No
3413.343628610464,12.252695846616705,93.00109917326833,26.27169690601986,8.5,Dolomite,0.8319926010592791,1956.9713334122491,57.342879265146024,8.513715524132326,No
3367.796850220363,13.681629824131171,95.1825684157046,19.164705601520957,17.5,Dolomite,0.7711373745863583,3877.1041654293367,38.31968825883233,10.154086413224755,Yes
1754.86303339201,13.728518544188569,147.8810876491869,12.882248507567056,8.5,Limestone,0.627726875071521,3606.11872701927,36.15841069859102,4.674553827743703,Yes
3306.0991458143003,13.364792175766116,145.9199721191162,13.998363128828911,8.5,Dolomite,0.7290557600335539,2469.7472536410155,40.92671801179512,7.135912763692905,Yes
2378.5254197895547,10.56466160088895,132.01238244768683,21.780924235241798,17.5,Dolomite,0.7759899938919049,3096.1411217925734,49.50468662215482,8.620095646140467,No
3279.3154196452224,9.671549265149665,81.74930287372666,17.854719544824825,8.5,Dolomite,0.8728551949335158,3857.4254735773893,55.8503395858352,7.51602865984094,No
1373.0756060779674,13.269552451200331,66.12335826825027,36.98350829187305,17.5,Dolomite,0.6565464149815916,2029.6472571602108,33.96236347041951,4.740207174024078,Yes
3302.458566110626,12.994765871045782,88.52137239485623,17.890341367949834,17.5,Sandstone,0.8417858905132449,1647.5261755575016,54.41406531780489,9.962824382950622,No
4497.948040197332,9.845170077169307,84.01150944904478,18.07056069009024,8.5,Limestone,0.6391873449229774,2843.6701612632633,54.38470184006985,3.7336101247193367,No
1168.742136011946,13.788543591779225,105.53332201317545,18.423707935189192,8.5,Shale,0.6726706980227422,1856.4921966589832,47.60758069770259,11.04979833786364,Yes
4420.10964477461,11.913789938002424,129.99551190610137,34.28170736286803,8.5,Dolomite,0.6730031650470369,1968.297731778438,52.81943818734077,11.525967490548112,Yes
2424.177862530047,13.508204437023647,137.24906449909722,27.777591229641565,8.5,Sandstone,0.8632437587726498,3728.8479743289486,35.456420944547624,5.655732620752621,No
4047.637076180407,14.78025309827613,136.03776768694576,26.495909761161244,8.5,Limestone,0.6597053076044961,1518.5086466122284,35.0875800246214,5.761817904859518,Yes
3738.3491942039573,9.772963214326923,92.3708005100761,16.695005783435178,12.25,Shale,0.8360882180956227,3542.0500661596716,55.88400102386181,9.432782589171941,No
2984.556913453337,8.643586509976275,121.85109091146145,33.62664618913538,8.5,Limestone,0.738541960205886,2792.376940839019,44.94445311703701,6.562885985520007,No
3584.5722323796426,14.3432693979684,88.1550777771798,6.34273514744954,12.25,Sandstone,0.8997272303391932,2898.235969113251,37.378116427585475,2.286101435992352,No
4074.8044645547175,13.072730688644619,65.48149889116644,35.47790103183396,17.5,Sandstone,0.8517274495956316,3179.4199011409064,50.66191072818971,11.19876727675241,Yes
2414.4911257786152,13.747296772165914,123.14087390426481,22.946246492787537,8.5,Sandstone,0.8219109403343454,2578.612480770026,56.75625500802663,6.307503419657628,No
2144.6160654713353,14.78616231241482,60.884479731280905,18.938758220219448,8.5,Dolomite,0.8612178919956587,1789.0297204810367,48.9696793783275,4.034951005403113,No
3336.5768494725467,14.521082011183754,96.82643287126396,22.400854825118998,8.5,Sandstone,0.79020911778151,1757.0505595120594,40.420351288200514,7.55664073148786,Yes
3827.460796794405,15.706901101966185,89.64413423718682,28.35954356868409,17.5,Shale,0.8530956769585494,3385.9054979598563,44.49713295879044,4.189061625913165,Yes
3667.997971718155,12.519513091390888,122.40397846669671,5.446789928126408,12.25,Dolomite,0.6783380542084367,2052.5878581682123,52.56808382836019,4.060219996816079,Yes
3792.3477710052207,12.16371724494929,128.9620925484341,35.50431497603867,12.25,Limestone,0.6293109633303224,1570.2542090441104,32.025036866171625,7.457313273906327,Yes
2524.541601845265,11.514153999180476,87.36851723741555,20.63588338589875,8.5,Shale,0.7847796021260006,3949.0347227473526,36.51493547869327,5.910422921894691,No
3862.419756612576,9.652682821331535,133.04643130003683,17.003828189502737,8.5,Dolomite,0.7304071177990759,3950.9787984017335,43.87749559948342,7.729932782532224,No
1420.7316937971295,12.794554246615167,86.45250844544404,9.838594797191998,8.5,Sandstone,0.7279322385877296,2445.35334335945,48.12722892291296,11.968254368112405,Yes
2905.7118428629733,10.577593932444842,100.1693723987905,20.381288102545476,8.5,Limestone,0.7580243557290138,1563.809611392783,40.17496773126973,10.590181543707683,Yes
1020.1553117434255,15.409806341597317,125.43166743127206,22.37129699495326,17.5,Sandstone,0.7084147834696628,3318.1616464818744,38.95172765609642,2.0767079928978873,Yes
2136.050404650946,12.873931032078232,122.36282063023097,19.127634307271723,8.5,Shale,0.7878178594328488,3577.530151214173,31.241525870991637,2.5055570953738977,No
2282.6153720498924,12.946301353810826,148.86316250809801,28.753103283941396,17.5,Shale,0.6091705102042889,1812.5342252895243,30.978053161543425,8.100794401312445,Yes
2386.604420632394,11.161934956577575,80.26449217943387,19.73137850657291,8.5,Dolomite,0.890967402564529,1838.6465372730906,38.360845629084764,8.262560811322981,No
3434.1352234145174,8.889920139832807,119.60861221856241,38.64961522463007,12.25,Shale,0.8774126976136711,3555.5599992419766,45.91518300268629,10.781908440759933,Yes
2359.95335444621,8.738078240297416,114.87137174481997,25.974713123825715,12.25,Limestone,0.8805810487745801,3804.768471788087,46.69114489336235,8.290571745218259,No
2570.427679178857,11.675013581148981,142.3588609041027,33.26172774781681,8.5,Dolomite,0.7095010486751155,3476.887091685374,44.820824786006064,4.277145385157423,No
1831.4044580601462,9.134240335729285,74.07259274803876,8.82745660883176,8.5,Limestone,0.7595672872977299,2001.8623729238238,42.29642052008503,6.6851622770365084,No
2306.38127070269,13.051352166551045,127.66183472282397,18.905195253106697,17.5,Sandstone,0.8862391809172726,2528.8030485855525,37.568747677839625,10.089854006711885,Yes
1795.44369542103,15.107297542297431,111.14417546418915,16.789669550650345,8.5,Limestone,0.8707038169282759,3002.106064664785,42.02083294778346,11.228249645983714,Yes
1256.1857331895526,15.121861123890415,84.71992828091149,24.931883584780714,8.5,Limestone,0.8370733427703442,1900.7336845520717,34.16279896156541,4.369151189667091,No
3112.070076834823,13.442840575991742,102.69914227324567,35.1389732021499,8.5,Shale,0.7221994769542778,2026.5062315812706,33.4577768707811,7.396047350133259,Yes
3338.744794942557,10.084238736046983,90.0398937362818,7.741837621670234,12.25,Sandstone,0.769301766954652,2207.2151801713876,38.998297704413744,3.5892755017040274,No
3168.216211033651,14.97247623519154,112.13820625096147,7.540117931564877,17.5,Shale,0.8378737422649943,2773.7831757270915,59.86046389281659,6.969996989275693,No
2622.2291533020034,15.14570076484906,140.01005497331994,34.76111978551596,12.25,Sandstone,0.6819035986620096,2777.012217943869,39.794908425491954,2.901141207495011,Yes
2329.2502306273045,9.97490188714719,111.23744859709818,12.449753011342509,17.5,Sandstone,0.7879348104684334,3535.7362983688818,58.09369171065316,11.417280699504742,Yes
4021.667773501388,14.03069564328008,116.85501764939256,28.40636390574348,12.25,Limestone,0.8483802974555571,3382.525501719064,41.76786437303082,8.380564582826155,No
2816.786247976763,10.648896616953422,106.68730624032385,24.00073463262818,8.5,Shale,0.8122364375198704,3784.339187774855,43.17029973598828,10.54216741713677,Yes
2677.1365717040585,14.519802342646972,64.60489558009283,34.151275821053034,12.25,Limestone,0.7438441893573002,3582.254307061491,53.911886496066884,11.982951741819063,Yes
1089.747230322525,15.97928424927702,80.95727011884848,9.378111844274123,12.25,Limestone,0.7753825078665475,2134.6938707641366,32.8091498234237,3.8266599470537823,Yes
2194.367396691547,8.725195039970446,104.28015564888744,9.542403800291394,17.5,Limestone,0.8966026629437382,2328.2419232599996,35.46939970780919,8.941434149596486,No
2330.6846657505,15.23024399343199,87.92117553702343,24.488642609740765,17.5,Sandstone,0.780596338394163,2751.0581090813344,59.21520794925644,10.86986293506858,Yes
2395.8797331391515,13.169729001989936,76.35872379850748,38.12325286754298,12.25,Shale,0.8356853262055931,1535.6778364091115,45.177520198820844,7.7593816741179005,No
3030.603292295663,15.800369643736158,105.37195577265945,19.5249215429764,17.5,Shale,0.8179814293132988,3759.7550157093037,31.329290466258907,8.39696378366561,Yes
2867.6089135440743,11.987571381448207,89.05288141030653,16.44297350891432,17.5,Limestone,0.8104471846588089,1610.8605314058482,31.421421991681516,6.076710895171374,No
3127.667824777056,14.855409479285303,83.22968788560732,26.234126311926005,17.5,Sandstone,0.8149107165342131,2306.1031770415907,57.217220513321784,8.74760833716514,No
3677.091415397449,8.967955514487079,101.75868756963428,37.56570101907609,17.5,Shale,0.7363229253844392,2922.9369779910166,56.200952686761525,5.955779146961238,No
3845.450085506327,11.014592875587217,71.99558322739558,34.292474149561826,17.5,Dolomite,0.7422480523554376,2794.6034715171645,43.75197320835301,6.766196381514484,No
3513.4307667927305,9.002624033134074,143.49711597678666,39.841926375662695,12.25,Shale,0.7403588212082347,3136.1497320646868,34.89666257833796,3.0291174262282485,No
4344.332935842272,15.815073501093028,138.0931888127315,5.789900412083198,17.5,Limestone,0.6099763821637824,2818.8004382355225,54.908538190874395,2.0780840018038162,Yes
1063.8140393672657,14.627304304538775,123.68585271664818,8.950035064946679,8.5,Dolomite,0.6723195990996971,2072.503564257586,39.738003218389515,2.5515112413894685,Yes
1685.2229498924112,14.894105659344778,69.55924448296106,26.33137171783177,12.25,Sandstone,0.6463692019949648,2002.6954694846797,42.571751959892865,3.9252164093760173,Yes
1026.4700624234974,15.534739235754206,129.82895290227236,33.720175376684736,12.25,Dolomite,0.8659335034191772,3768.1176726887466,50.47429137147954,6.566038195950654,No
3266.1614995411105,9.13827614589839,132.7161595298117,14.983551980736829,12.25,Dolomite,0.6824908099358847,2159.9168418389813,40.601950602229635,2.209940708514539,No
4143.106921324954,11.39198194385,129.0988155942904,13.372388081197656,17.5,Limestone,0.6415327903396622,2202.4430846987834,48.86009780094879,3.559366391542325,No
1852.1880380170473,9.032761667830016,70.2569298407317,32.54415297834203,8.5,Shale,0.6359300795732654,2532.3822402508613,56.558481313277525,9.814446038844386,No
4244.620906787073,10.080948261625215,117.95171613609882,6.973364884863106,17.5,Sandstone,0.8099969503656477,1848.595817874935,53.92119806323433,9.62166558262047,No
1210.935866013463,10.220243327782542,135.08923161744588,17.92839266539048,12.25,Dolomite,0.6018249932744878,2768.182111058101,41.44833221601481,9.897302916754999,No
4270.5260938193005,12.01830408285684,111.9618061097701,22.70332279073154,12.25,Limestone,0.7413913205269524,3162.5794042553284,38.63809664111204,11.215409431967739,Yes
2230.6794053387202,10.51421625590232,118.17666377052801,24.61220360226132,12.25,Shale,0.6356613316794588,3465.0012301934175,38.56531346218677,3.1907100073451913,No
1354.9728995722578,9.257335801133209,101.25271314836755,30.501530487747193,12.25,Dolomite,0.8548990132907716,3278.635604660573,40.45773451129749,3.6313987622788293,No
2700.5511571521397,9.756183168205808,107.58365878956474,17.419600320073037,17.5,Limestone,0.8875351069357376,1869.0899102006592,44.80550960174317,5.335536146013144,No
1898.7179870217778,9.604566726640682,63.09391725165527,26.443952063611253,8.5,Limestone,0.8876263848644711,2640.16786242731,42.49792442081829,11.151411989809096,Yes
1997.05515686673,15.798075984342237,117.50667197759562,25.488139797683473,8.5,Limestone,0.7325892326840308,1596.4655020204461,33.990120629629736,9.75477743005945,Yes
2075.514877242003,14.194693801888551,67.33024916020433,24.166563522881148,12.25,Sandstone,0.7933544473304389,1544.4949918023733,34.90367575001725,5.241212723323197,No
3810.590642414322,15.758210989521714,99.15131349062011,27.416915259977426,8.5,Shale,0.7799112409532234,2600.326045684502,40.2878882819455,2.876358177827349,Yes
2887.064468363391,11.798053648809315,86.3389587900667,14.080720987382671,12.25,Dolomite,0.7050116704157858,2132.4012361440728,46.86192300176572,8.16380026148834,No
2089.5769470460127,10.587763612469924,109.08851551905417,7.962706375462014,12.25,Shale,0.7332193474261594,3208.401987183407,47.77991850400484,4.568191658056524,No
3136.168241588214,14.4871989790689,72.00747019708864,9.174508521391019,8.5,Shale,0.6192971091699857,3310.6019670335313,44.5862119468989,7.311525659685531,Yes
3506.5273597811774,10.946904385308601,122.24790617759864,12.860383392886536,12.25,Dolomite,0.8387097098014462,3738.509311395639,52.16327643622544,11.418033596009769,Yes
1954.1840025673682,10.745375302790112,131.55103832356235,22.506927743297485,8.5,Shale,0.6722410536463856,3401.7062838475968,52.11746366270209,7.726172453143344,No
2447.42185533873,10.243794941558734,74.70190047688408,34.415496269110704,12.25,Sandstone,0.7381581993409129,1620.6103078413541,42.82882415062166,11.238344364233642,Yes
1426.6013266793166,9.472592336681766,69.38817786166939,29.545266973093444,8.5,Dolomite,0.7441862200849931,2429.057525894419,33.73322432282833,5.930387859948754,No
1634.022723371381,10.423472957625744,73.09639345086232,32.61642114707165,12.25,Dolomite,0.7682135217453955,2182.5583793803053,45.905243093013695,8.333513372887706,No
3383.91248887744,11.164898113554157,138.94148057086517,17.284146837413196,8.5,Limestone,0.845362991366427,2465.3311245679033,41.44407191981498,10.938899739469642,Yes
1635.0342169346943,13.554956561092979,107.53703355807205,19.162880957699258,12.25,Shale,0.807564313855125,1900.189147421754,34.137689692911096,7.879873116091384,No
2838.071842834711,8.969236316645887,102.05348964067522,18.778866009671447,12.25,Dolomite,0.7989189147387576,1744.2602592264836,59.45451629894518,8.148986770271042,No
3481.6619160285145,10.078802047490072,69.60406371921188,11.715561454157553,12.25,Dolomite,0.758023648741482,2802.461356271002,41.09266167840307,9.163079820812245,No
1374.0692308316034,14.567677302187573,118.46004060812656,7.142583035025021,8.5,Sandstone,0.6287867264839769,3300.953277165986,48.773935188636926,10.821077571882531,Yes
2985.5927687011626,9.601914426878281,138.1199632705581,25.682063248952936,17.5,Limestone,0.7206025414952584,3254.777254829857,44.7038658400979,2.88180061240853,No
1897.9697429547732,11.069838598918912,134.53672823911077,39.62258391972051,12.25,Dolomite,0.8871950553871657,2627.3608054405677,34.284848376502985,5.368593821760869,No
4370.244063331529,14.984941913936051,116.34492380827211,10.8390396732592,12.25,Sandstone,0.8986644225864757,2805.6974657223655,31.666308701177115,5.9768472608060375,No
2692.4097635197368,9.66193983357582,66.77508449865063,6.633968696474581,8.5,Dolomite,0.8191494438302755,2790.8218062716032,48.773082452458766,11.097096653891777,Yes
3820.9739242130536,9.120526267136425,70.11573244584116,32.28360886383766,12.25,Dolomite,0.6682544889223935,3228.9259444201407,37.41065611043657,11.560079245162015,Yes
2925.7928975469163,12.134034963100081,64.43780883988423,13.840510233965347,12.25,Dolomite,0.6305671938010188,1619.81293989006,37.30961998841145,3.2038046466512475,Yes
1151.943864991867,10.768146334589023,83.17312948432223,34.037533187352494,12.25,Sandstone,0.7244293077138597,3274.74027217806,58.70928569130932,3.191076797887808,No
3216.029814579078,12.725562733628905,72.209532044434,29.63778334620804,12.25,Shale,0.8569715707078007,2955.5022518932187,43.85319912933874,11.348617942523624,Yes
4329.911697723299,14.528536678626065,83.40432362271905,38.09857379677816,17.5,Dolomite,0.8165592719685002,1995.2717866789355,30.88278199502068,4.957719013825927,No
3105.641370512159,9.528613661145574,94.65522501470656,19.312453251483518,17.5,Dolomite,0.8651676712623315,1622.6471343656613,40.19528145449421,4.418144190371527,No
3867.161007993766,12.855243134157138,144.8684505664022,28.168944380772196,12.25,Shale,0.7847328944092957,1771.319476394721,47.5347462675668,2.3562286575409868,No
4094.7226217194275,12.29131570292398,114.9338453803523,21.269917328464473,12.25,Dolomite,0.6390985093769077,2811.728353548174,39.85702255551362,4.75595934770649,Yes
1798.2792018212635,9.580590895098997,135.1476407114666,27.070604405799024,12.25,Limestone,0.6344387900994493,3396.0213252282074,30.805558621024268,8.935264272259882,No
1742.1569396787932,13.179988641467368,123.9316350641099,20.735961710270807,17.5,Dolomite,0.6144006907890388,2336.6432178112527,43.329337964002065,6.260361627395617,Yes
3138.433460978471,10.552303133955787,70.12528174739685,11.602128624842619,17.5,Limestone,0.7701239911720593,2447.8097767630543,33.17719008524334,7.168703516517602,No
2438.5996443234662,12.158757389080094,126.23283657365539,22.77640956011833,8.5,Shale,0.6728658709874367,3835.366037615281,48.57480073988113,11.172955966148853,Yes
3939.5145600335213,9.117042432077964,84.7588993403212,23.50044705031048,8.5,Sandstone,0.8203150924064851,2032.5327100814402,48.58761300668064,3.1468978267131646,No
4150.080931893039,11.946880429102173,117.51970622952356,33.37113468910564,12.25,Shale,0.8058749807572522,1759.373561438379,31.132774187952023,2.71240715242599,No
2236.9748275595134,10.798476010321153,90.68657762786897,30.743224702775343,12.25,Dolomite,0.6954332227224951,2358.525284500045,38.719987847981315,10.519307491238942,Yes
1829.0469564106872,14.667859083890157,149.79050369381935,28.232706837950545,17.5,Limestone,0.6530404999392193,3364.8052987306846,42.410587912170115,9.748557974307065,Yes
3731.8393033535162,8.927340452480262,83.71963315471001,8.96854834434004,12.25,Sandstone,0.6307201049388004,3065.1932276403295,46.50792293577534,4.637341869450324,No
1961.8211244184763,11.639554561887476,85.12174236968427,30.221570173230027,12.25,Dolomite,0.8211945821439292,2539.4885984239227,38.88190289124585,5.242341263740829,No
3879.1501147978743,11.938235680985784,143.76050300061584,22.510680472408016,17.5,Sandstone,0.73513229862778,3911.881332079576,38.63239537654194,5.102778357756603,No
2483.08388777067,13.93754557224339,62.21799641726904,36.29348376371557,17.5,Sandstone,0.6970589742534417,3337.491095736433,59.49045468750778,8.478087980219112,Yes
3336.4246475201467,12.807156813176583,122.70200890858771,37.195482694568994,17.5,Dolomite,0.8569959047418936,1654.6535609582345,31.255883871627,2.6121150698897937,No
1334.3735984213386,13.504092528956358,125.27937516622903,6.930480671062491,17.5,Shale,0.7780839649708152,3361.5786096351208,59.67136242273456,6.894015852637269,No
3183.5076363680055,14.32786964238817,135.27407196693594,33.72245461240676,8.5,Dolomite,0.7554007009189754,1560.096389764646,31.432558232351894,3.3387296911274515,Yes
2581.1868755803016,14.966522302436417,147.69953795746278,6.319408664793471,17.5,Dolomite,0.8230137494926848,3125.8083077935134,38.65024283384058,10.197385409262475,Yes
3053.1296211141594,10.854066225418528,147.80417272409872,17.850936899325795,17.5,Shale,0.8446749420705866,2026.207090731647,44.8107256490805,5.806630043099652,No
1588.0497271070221,12.535170290229273,65.87490818098175,23.98049914673777,12.25,Limestone,0.8058219466268158,3241.1055225938944,34.29895029042976,7.2757219321945925,No
3579.0581073046374,14.800810588293999,133.96553904776124,10.183527951949461,12.25,Dolomite,0.7320018955798058,2274.4489166194903,34.045390875561715,2.2931760877878595,Yes
4019.7897714012997,15.920883482237922,118.16789402916432,31.120983439917687,12.25,Sandstone,0.7137896378016563,3682.515769888912,37.68938139782838,2.5826431354105233,Yes
1758.5893003177148,15.171394832828224,118.2607920935782,5.2924146460248505,8.5,Dolomite,0.8314994814818106,2342.2845914786512,59.205215507207086,8.750548307334661,No
1335.000944320566,11.286004469682826,71.55149339532252,10.90096669519129,17.5,Dolomite,0.7553721481920859,3049.239638510742,41.403505766236925,9.66770545141332,No
1082.7350511621773,9.963748879139878,118.5168449801088,25.32788904487165,17.5,Sandstone,0.8113158235552129,2214.8188991349707,46.97984514807575,9.100355846022014,No
3246.900251551431,12.170444030549415,148.4234322541123,30.003564671305234,8.5,Shale,0.8671196367241656,3793.0538628554455,51.128742071449395,9.370186364578602,No
3124.8291263107326,14.062310888770316,142.06367125855024,37.08250859428706,17.5,Limestone,0.874767190421011,3452.489952570431,52.26665506572631,3.04619850549329,No
2913.4409444992452,12.19426803064973,99.52175947243654,29.692382817711835,12.25,Limestone,0.6833146917721717,2108.2571908615078,50.641228990360645,8.934508410975411,No
1811.8148364059139,12.123856474852513,63.59531759574849,28.51227445892031,8.5,Sandstone,0.6563669850817542,3871.991781396649,40.10784579575174,3.817475826890936,Yes
2368.1709856693014,14.786728158113505,92.60641410001844,18.80194012227325,17.5,Shale,0.6783862081010513,2392.8939739405705,33.35183482068187,2.980154318767854,Yes
3080.6671731516058,11.210528343003897,134.37512804404997,5.0449548934380495,8.5,Dolomite,0.8254115311606508,3129.662369167969,38.45149425999632,9.57160830454841,No
2738.6840060070926,14.948460061087342,123.13491913186493,9.205574055746768,8.5,Dolomite,0.7110174108138481,3357.133077785991,36.3088568030852,10.894061171015647,Yes
4457.249320752106,11.551036007137927,101.34092900345607,23.70940906646137,17.5,Dolomite,0.652016784252399,1557.2554036622807,34.088319146079506,9.167099074051588,No
1477.539133948566,10.961748292587545,64.9591381642948,28.62954600455469,12.25,Dolomite,0.6295156477520908,3897.4183653931154,30.73490195254856,10.055734528147534,Yes
3433.005939166578,11.904924333997743,98.42052550409724,19.61068993637619,17.5,Dolomite,0.6981939566489064,2361.103265218412,58.071775471752424,11.910881551216159,Yes
2415.1156883650224,14.218352190061513,102.21224457460951,30.573765403493656,17.5,Sandstone,0.6408409321051534,1974.4472335780606,57.631031596360145,3.3475591140668453,Yes
2498.698652239652,9.445015208979957,143.56999796047222,23.26518033662626,12.25,Dolomite,0.6469120837599921,3626.7694793212454,31.512510168905077,11.651525524330385,Yes
3511.592179803617,9.97314411904013,117.69774932239434,7.596166845800927,17.5,Dolomite,0.805165192033881,3257.248207058536,35.19253718461205,8.011978054901025,No
3423.5265296352936,15.635836192473189,88.04876249891839,11.720568783878209,17.5,Shale,0.6059196287005215,1716.8581815583814,34.18501414388381,10.132531573450205,Yes
4469.395977957659,9.81618720536018,107.27864380056492,34.399937813538,17.5,Dolomite,0.6352659784876313,1792.611453441924,38.43668803264552,8.5016918158767,No
1449.3800130894383,12.75795488448291,65.94497770399441,30.37194613185538,8.5,Limestone,0.853309647363929,3287.9796766341224,36.122066114362234,7.700377887853492,No
1364.3837728445822,12.844858499964534,147.5311412084763,36.31666954543732,8.5,Sandstone,0.8534742255054759,1686.95813989771,58.37560612193565,9.036189940216879,No
3535.185859950594,12.172183465376836,92.40539117376534,9.11450371923278,8.5,Sandstone,0.6987730436290731,3792.9385878101625,32.525113096806116,5.202586645129828,No
3024.354209522432,13.33558936432614,103.00806194218222,39.65778871152759,17.5,Sandstone,0.6263859025106187,3353.850342369083,36.3501248101351,11.242715234919126,Yes
1959.5623329593204,10.223700443482137,91.97555768132304,12.329234988247677,12.25,Limestone,0.8114911001421617,2338.730514917472,32.42169913748744,3.152925720557787,No
1277.967791461453,12.644967008325612,121.42605571045802,5.412295670032471,8.5,Dolomite,0.7080395063321623,2407.3469480633457,59.41156045933309,5.180311840864621,No
1299.8038735875068,11.291299414351728,119.60089424966338,39.909802866874394,12.25,Sandstone,0.6136393881614778,2766.2402405102534,57.55240527291015,2.311623532005033,Yes
4129.668061324413,13.462504447218919,124.37900794762221,14.83758599057896,17.5,Limestone,0.6473480943899396,2402.4235341213507,51.49894769296233,4.713230476460917,Yes
1671.5356365156001,9.559176575298622,84.13289066507288,28.380680837939597,8.5,Shale,0.6411644435892073,3458.671378595789,42.7791909665974,4.182130771414044,No
2131.8004674043227,12.781580626296073,88.41016330476594,11.183880996170682,17.5,Dolomite,0.7767349031482986,3936.8423602540392,35.70534406571978,2.496308606786312,No
1793.2974077944582,9.889527665374928,71.27261079865872,25.30799862696996,12.25,Limestone,0.8694352750810684,2961.3037885954827,36.644691750604274,6.917740638486221,No
2242.4870704117807,10.589822973362773,118.99589746615013,36.64122452590958,8.5,Dolomite,0.8379216099970372,2615.0933191688223,43.29120025668034,6.686360418556098,No
1242.9834496113267,10.140323502426874,63.58174146020873,16.20634085999535,8.5,Shale,0.763954813505169,2056.935350670543,53.04668014009445,2.777454438986689,No
2816.7092681789463,9.871283349016128,113.79141019711132,28.458889161552573,8.5,Limestone,0.726646549478244,3133.5835481195004,37.94188487996877,4.618505314084142,No
1236.643972572752,14.692832136705002,138.27262963664705,11.576625607944578,8.5,Dolomite,0.7856030127206595,3213.942154538493,39.323757376039396,11.533221604663561,Yes
3801.2477773782653,10.642806757456677,140.17489334606702,26.867838955155385,12.25,Limestone,0.7331438222940243,3212.9765175359094,47.99832874213412,3.1073662451042035,No
1817.9922866865156,15.45342836398337,100.41339843329655,16.775762313612855,8.5,Sandstone,0.6738297367728948,1567.4625896712307,37.13188086834761,5.050186488594681,Yes
2890.041701115787,15.77444894008893,101.33733193917664,12.39228905057831,17.5,Dolomite,0.8037592366056838,3747.8052516511775,47.52655863878411,2.3586239845465853,Yes
4080.276806465104,12.78445352452823,66.92722647072156,15.96137177462723,8.5,Limestone,0.8619731837223963,2345.2664085729416,41.613926798168535,3.488872026237668,No
3278.0707916651795,9.572508419992948,120.36885228987322,11.259437397772977,12.25,Sandstone,0.7118610992042581,3360.4144062040223,31.03104617704044,8.993971074657896,No
2865.3522529296733,11.309111825346859,133.9133478335561,36.5670637743259,8.5,Shale,0.8524615403074011,3399.5172677508,42.08103858695892,5.667165006629388,No
2135.168135903815,14.482991975111606,82.01895491442417,18.90154102109951,12.25,Dolomite,0.7293246139450471,3126.387447030599,57.585758385574344,6.520765706791206,Yes
2165.5066957036925,11.255430465228029,97.91707934700281,13.584775674102858,12.25,Dolomite,0.7204007829298278,2487.1663078607303,38.79335637400382,3.5697839513065617,No
3343.2043431936654,9.152629137270916,135.49554030887433,20.694274435557652,17.5,Shale,0.6084973072641083,3020.9605420413136,39.68497168309407,8.821401728913017,No
4479.487764274087,12.67588683196141,138.94084208960592,16.218765838227345,8.5,Sandstone,0.8085836704102232,1600.4967281446914,31.978226641778605,9.515215980912537,No
3316.4371644728253,14.83840638622026,81.88619822378033,31.05467388346641,8.5,Shale,0.8422507575341469,3404.7394804697656,48.45142345707883,3.8111204951673976,No
2952.241960795087,14.469447903576267,109.55135710872278,38.992696915992305,8.5,Dolomite,0.7990670758675683,1748.9716208208472,55.47727092895016,2.449934636199422,No
3557.2767858373613,9.81342355097765,77.32438355722444,20.33117798441764,17.5,Limestone,0.645408285417583,2491.877314499004,40.58768679279305,2.809411343090185,No
2628.2196429930136,13.5457346080935,69.16908877256009,35.13616899902841,17.5,Sandstone,0.6309880402657929,1759.0469691624164,37.207366725599655,8.570457572030177,Yes
1210.4981991027482,10.153781975767354,142.0008451252762,24.80520757458668,12.25,Sandstone,0.7718576254855618,3592.6861145477365,58.69835562491576,3.3551060249483893,No
2968.038855572684,10.136556509141291,133.84567538088982,10.503248278298171,12.25,Sandstone,0.7204548762553806,2875.7559835898983,52.352178437744655,6.9391883416883555,No
4351.688495768831,15.05553829978889,128.40314116228564,29.171795972846954,12.25,Shale,0.7287293350456768,3227.387800423181,47.01490677849794,3.5264153092617008,Yes
1613.5602982518087,10.372517145551726,64.38896869318263,22.970207399403705,17.5,Shale,0.8903400740229024,3206.4554246065327,39.16593499034652,3.7014804820523977,No
3415.01711787233,10.474355098885084,135.9355913439232,27.77122831382362,17.5,Limestone,0.8171768013579197,3604.015579146261,36.62394053929202,2.043605033415186,No
1703.2679103066976,8.504900430709746,99.42396683148453,36.139059440008275,17.5,Limestone,0.723536321762327,1831.4235083628366,51.47232117001401,5.208242558583879,No
2875.3968956557846,15.030017755941383,90.81556109662736,20.415209972961613,12.25,Sandstone,0.6057297839525144,3149.3203510122103,45.65366451412032,2.897972660728603,Yes
1338.3675737635187,14.44446109906851,109.18287249228388,36.541216812607445,17.5,Limestone,0.6102287093559811,2937.8351360091438,45.61799450408943,5.939612753404252,Yes
2576.298276903648,13.204967013180084,68.22179184512002,31.273415499857922,12.25,Shale,0.8054411086937568,1577.2428064282885,32.21129456016732,7.977843096175839,No
3646.5716511333612,14.126993229541316,128.09818944171587,22.101172405729468,12.25,Limestone,0.8513216278553292,2003.5572720570065,45.36583430278818,5.675319479281169,No
2216.500334836437,9.64036425568369,112.41915691994663,26.112774748028727,8.5,Shale,0.8123107888649052,2168.928853445552,54.68232093118481,9.050816308353353,No
3327.191035705263,11.937426959406816,76.79310871858507,16.3953396381654,8.5,Limestone,0.7217663257814176,1681.3909385729153,58.40397833387277,9.41451768039358,No
3784.0748627640523,11.134145405115856,76.9408979792141,39.4259054908571,8.5,Dolomite,0.6093407213791708,2386.7995147470037,33.20047192445205,8.966063873608118,Yes
4245.122368178085,9.203323946927624,76.58237864154069,28.35729070676386,12.25,Shale,0.8902204890705689,1568.0062717886892,48.93495632097213,11.36713559631498,Yes
1821.2472864940873,12.14597863911193,65.13021487967406,6.534639837382047,8.5,Dolomite,0.895900818647426,2882.9587306443236,47.0504175239474,4.372942769951511,No
2397.6057053325785,15.405547377569764,112.90186044345162,16.431766701180308,8.5,Shale,0.7648093654332806,2028.7524014494684,56.70937472844425,3.894564531149766,Yes
1533.456046656461,8.800443392880208,135.6313359829657,26.81600518156701,8.5,Limestone,0.6212012894085317,2217.5077637729964,52.537320905546146,8.097114892418672,No
4473.692257554313,10.685956851203454,61.574839258864976,6.971664722973393,17.5,Dolomite,0.76229175177434,3776.1790654282104,58.957856074959395,7.9487700943418345,No
4244.503387735034,10.056557021542776,64.41041804741462,5.835946696169997,12.25,Limestone,0.8677015410662425,2757.0421228088135,58.80097612745989,7.100983336748071,No
2889.8499559819584,10.286099902492722,111.54932490182512,20.75084838347309,8.5,Shale,0.8039956530384641,2172.5348281110396,36.770552800356626,2.043531914942645,No
3947.1165303174744,15.313259139095315,133.7546116847447,16.64415628924345,17.5,Dolomite,0.8159967693098173,2996.154395620166,51.76052615701266,7.5523822990599845,Yes
2823.3529204521474,12.010517906757176,89.40650015117703,20.340451281160806,17.5,Sandstone,0.6254909512296748,2004.178587168739,45.91569274094683,11.32798056872979,Yes
3182.549908009659,11.997245597048641,91.465295892695,14.194265845800182,17.5,Limestone,0.6319534911095405,1685.9892144104622,36.43805985645916,5.345776891128629,Yes
1311.935512406058,14.204317318414617,113.67118477470984,10.765121143004333,8.5,Shale,0.6382046329127655,1552.2658860006716,35.846072466522024,11.675991933202505,Yes
3643.4464717388278,9.658691530036943,84.67916002117323,29.12001749431182,17.5,Dolomite,0.8713130500982977,3878.8226134406405,32.432530237988594,5.567566791976943,No
1446.9971927233219,12.15449015575038,62.394752946991574,23.009989069373017,12.25,Limestone,0.757754890879144,3311.527060357791,53.86635829256067,3.398545025178178,No
3891.2367058838495,11.724889105907948,126.17056662914365,12.00539739372784,17.5,Dolomite,0.8374725289178974,3499.870370730956,39.73514341860029,5.984034149271385,No
3737.0983068463506,12.97683017909992,116.30849216473078,16.18562991909994,17.5,Limestone,0.63458737796508,3952.29432044708,55.70906505986899,6.9461131292354406,Yes
3480.6064421004176,15.99668277437829,112.26803991500933,25.713276768216407,17.5,Limestone,0.8782928116525786,3829.0717585335988,48.24946098069644,8.294644101765911,No
1126.5613318366675,14.270866705615354,126.75157160926408,7.528027189536725,17.5,Limestone,0.8463426274491631,3342.28299659379,50.20900064515382,7.04878162022334,No
2060.94924580865,11.483992772630703,120.77077538058337,10.160855324316284,12.25,Dolomite,0.6674292434326068,3234.9676745482984,38.7502124883059,7.367186274062181,No
1920.89399468795,14.706647892055353,78.5293789360489,7.563596143758654,8.5,Dolomite,0.8622546699881861,2342.1249923384416,43.71882838187051,2.2406703835760537,No
2260.477426150317,9.7803127248436,91.72329422490161,33.43110664499416,12.25,Limestone,0.6790328278190427,1760.0431294877553,42.36952734249375,4.536201691339893,No
1306.7496136734349,8.7284776473172,71.34991275107625,31.334323162420326,12.25,Sandstone,0.661601963801717,2934.30637091894,37.070659917738034,5.10696657939172,No
4279.35238060872,10.033362793482048,71.6871312076093,31.365952615774,8.5,Sandstone,0.6792731810436637,2940.6332377214803,54.97536505580378,11.87088537881449,Yes
2938.307842493317,11.053086670856947,120.85761717208854,30.071387021660982,17.5,Sandstone,0.8729865189817828,3880.59321353936,48.66253517419864,4.955677384870336,No
2069.335087303082,12.3293556809467,137.27400962842484,28.42848982844542,8.5,Shale,0.8746775956544609,2606.4270166542733,31.122959323592106,10.965788488242852,Yes
2389.435309759992,13.113468554058999,146.64593254750253,21.694717038236124,8.5,Sandstone,0.6986987324063907,3227.019060765171,54.59751058136065,5.047362005410788,Yes
2565.208891766925,15.329542879108164,116.55124057945,27.479735722749023,12.25,Dolomite,0.8116302555283654,2937.4265684918046,33.18113268085774,2.961103310423911,Yes
3102.0801667621604,12.323905071628433,76.56911910248613,6.342654417579112,8.5,Sandstone,0.802723576549255,1941.9005727526232,42.11089300597678,4.4761739906094435,No
2804.877996937742,12.25956733469297,69.50853109040376,26.75125479298746,17.5,Dolomite,0.841968789639121,2980.160769387292,47.13770704891134,4.728283849142979,No
4217.871906250461,8.876822573672365,133.1565874383082,32.2257196937907,12.25,Shale,0.6889528500426393,2850.29177340705,30.22953736983654,11.782485938889842,Yes
2739.3721901704057,8.76183664492168,112.08808287239994,22.512542613453657,17.5,Dolomite,0.7530415625731206,2734.7649847733887,49.58724316328808,8.742915055672372,No
4472.553051881594,12.63369971437279,115.64565189123479,17.512966494953293,12.25,Dolomite,0.8003021853024861,2783.557334121187,49.79108818680771,11.31680995620966,Yes
3979.9873521078352,11.786339599362584,130.33158798792383,14.70993571803427,17.5,Dolomite,0.6078770456429718,1909.9699298971764,49.5757895139794,10.349950222048218,Yes
1729.7868002506752,14.79385296235224,123.29495049592065,27.498071755672886,8.5,Sandstone,0.7130216235992863,2658.6943280766695,34.904038143188316,7.785984906780976,Yes
4257.083251253707,9.70509688533884,135.10124275704868,29.248041952046805,8.5,Limestone,0.8087665073035707,3014.133179553992,37.67196980320648,8.753879242455632,No
1407.2823925991663,8.687287465877873,65.05925149138906,35.48386599518899,8.5,Dolomite,0.67577852793574,2723.6229967138484,37.421274585982204,8.248371936960314,No
3861.0739797191704,11.867790759475945,127.27685730718544,16.981692886134674,17.5,Sandstone,0.8873112321019462,2721.7154878153683,58.802009495389115,8.662630261917867,No
2332.1815271680302,10.281089175641931,136.5767481589886,31.942030758495495,12.25,Sandstone,0.6090484114520517,1693.7942744824645,32.025845616776316,4.6477366462727625,No
4072.9101215577434,8.872107800041281,85.75215382124829,24.647453846626828,12.25,Sandstone,0.8874261562762269,1976.9353800417991,42.86284523110512,6.081251342079371,No
4038.1984153760764,13.934487151357217,117.64025465939275,35.89927717373277,12.25,Limestone,0.66502916040312,2302.431731938752,56.13761717460582,7.926158115981464,Yes
3820.738900411674,9.336947499679356,88.27458574532749,23.473423790346725,8.5,Limestone,0.614646612577611,2548.3674848147666,53.083979833431485,2.359284650558571,No
3765.106527074715,13.062396250058288,146.21739598342086,23.117043993928853,17.5,Limestone,0.6877422099670673,2984.8436096465107,54.6732637394678,6.828349014016934,Yes
2066.3769868431427,10.607873126251668,63.00812151919534,25.225697850431818,12.25,Limestone,0.8358846921870676,3658.362761307652,59.16880752366999,10.597269333978533,Yes
1283.2174906793825,9.801220377662665,112.18135594496596,31.226037429985205,17.5,Shale,0.825732601934416,1897.9118452216348,41.617854368195665,6.923677275853299,No
2410.430625678065,11.348136421894882,74.98531923445636,38.76416675899613,12.25,Limestone,0.6626521249268376,1537.7200755267374,39.28965823141384,7.523233686554994,No
1607.3358024527804,14.510843321672152,124.09981846594428,7.574717397551797,8.5,Limestone,0.6590370400775398,2623.092826939789,30.91978470450592,4.019051205151908,Yes
3432.328811158616,11.440701826784295,75.83012550767958,6.8702110836856,17.5,Limestone,0.7927739747413622,2580.2572435290704,34.500580853695865,9.94343343985438,No
2211.3490428822497,14.130772369082917,81.18449357085218,37.81426180925685,12.25,Dolomite,0.7374248069027192,2879.753046237931,46.86043963629072,5.588782880375288,Yes
4414.635703009702,9.44114722599363,104.49337299411823,23.545646893137214,12.25,Dolomite,0.8376869859992707,3583.054428428751,34.7298178516002,11.565875534795444,Yes
3243.402270708662,14.295785647488094,142.33514549971903,26.521605509842765,12.25,Limestone,0.607239833607766,3505.901377456195,52.08915047942732,11.937148082595792,Yes
3878.6819727202633,10.276999936799864,79.05429349331737,21.88482605581551,12.25,Shale,0.7831235582281714,1750.108211075028,31.116978147478125,11.16000542595843,Yes
1463.8363545964694,13.580448474166545,72.98160190062931,8.278010841261608,8.5,Dolomite,0.8192016036719627,3834.988416691684,37.78464069713645,2.848767448161439,No
4017.050687954179,12.743361661307473,128.30791486686275,31.883128244653328,12.25,Sandstone,0.8980158336086007,1776.0359866861118,50.86359370165466,5.331831554960268,No
4229.6501667968805,15.468585379087655,105.05575791005379,31.152862578100542,12.25,Dolomite,0.8036345082710541,3086.42627133559,37.665084727171916,11.451376351025173,Yes
2704.716715866276,11.404918884814855,142.06066011435942,15.90961625224842,8.5,Sandstone,0.6695535469649899,3181.0157339889392,51.86281392673392,10.045332948444376,Yes
3121.885282128421,8.996238916258303,73.1953101443858,15.718373582994014,12.25,Dolomite,0.6324558584640116,3199.6937180577206,59.87591626292105,11.111835893074296,Yes
3676.834303160484,8.643666141634396,118.13351037207354,34.32444833169315,17.5,Limestone,0.7922750323932226,2163.3779291884775,53.91251866347311,7.725531936410988,No
1611.935195411444,14.70143920729565,80.95912315366336,7.532504020946432,17.5,Dolomite,0.7569549202554648,2325.86272941248,40.255063762830076,6.803975881875302,Yes
2758.9812676220486,12.435517282460742,74.10843857864754,35.8386801924798,12.25,Limestone,0.8697435865335049,2871.692187873492,57.01775701884784,3.0649631700445106,No
2395.3205972030955,14.31433038876212,121.50864736415434,13.983159146357005,8.5,Limestone,0.8179824063543826,1998.9687395002459,31.53539207004628,10.394715423230991,Yes
1512.308972567872,10.25819200008636,113.43161579178599,25.75446617144229,8.5,Dolomite,0.7529227350127862,1550.776169583378,51.750204733419366,9.451415484204785,No
2286.3704780203598,11.088128091349253,127.93447125260981,37.75979626506222,8.5,Sandstone,0.7210768412295443,2905.361136271439,30.699669946880253,2.588766030154122,No
1238.6030828492276,8.725779041584891,87.85163188015642,28.734287553782625,12.25,Sandstone,0.7213124098712461,2663.1964300300183,35.23666486070895,4.094145895952853,No
1090.3416743232044,15.711192434305842,100.3174490743971,19.50504343634628,12.25,Dolomite,0.6678912858453704,3141.8280155586554,59.627572246157236,7.572775633150105,Yes
1473.0820120418796,13.5090093002561,96.49245086973767,29.13369731168953,17.5,Limestone,0.605197791526709,1866.75143958415,40.82654737482921,8.844024020646387,Yes
4370.902890562109,15.499038158194796,148.56805175698628,17.039287271072958,8.5,Sandstone,0.7724731764621319,3602.3122364746287,54.61498134492716,3.3767026426100646,Yes
2923.3533756325596,10.491223055718041,86.30240610654491,14.704044572221514,12.25,Shale,0.6637244197569645,1865.5537211513183,41.28260138506806,4.448248184623239,No
4380.377564036269,13.085977084192457,86.53355145120902,39.88391472771379,12.25,Limestone,0.6624980753184124,3728.3590122000587,55.20085352393447,3.93110211709014,Yes
2513.7425741554616,13.588749762194784,91.90933879457467,31.27765809129257,12.25,Dolomite,0.6376143686029442,2623.8029314892574,58.963186803803225,4.199971526705422,Yes
2091.3564657984084,10.881622751931914,110.81346731612894,27.565199208363616,8.5,Limestone,0.6568786470530078,2874.513148431737,43.066087302575,11.207131235687667,Yes
2771.4965199408543,14.860819262617225,82.70904698373707,17.435137512676157,8.5,Shale,0.6095367448665413,3741.453339909972,46.78047575544838,9.15819573038754,Yes
2538.2909102151852,15.603710971751859,142.37609463413463,6.720629020426685,17.5,Shale,0.8022694349245596,2249.7826211926676,48.85918469890703,9.371069804033034,Yes
1369.8263949161037,15.136413382720033,83.9117008379637,6.0869906612304465,8.5,Sandstone,0.7204191348938083,1954.5674906028787,58.04504406525706,9.939953108692826,Yes
3242.8921014157218,14.043002319545295,140.62341584041752,24.396343940707958,12.25,Shale,0.7684573796319435,2614.379052048634,37.702322623036736,5.5657304264406,Yes
1756.1336387835986,10.580985097937155,69.31275572819261,31.671145236366787,17.5,Limestone,0.7910872854062398,2110.918071319267,48.3374811850118,9.671846143991406,No
3168.5578421424034,10.612120315792238,119.09064321596871,23.808271665534928,8.5,Sandstone,0.8917453686828478,2819.6097788507927,39.741606846694275,11.78413394322937,Yes
3275.703823393537,15.725202403345286,141.6286966594419,34.42747751786901,8.5,Shale,0.6204797597566503,2188.1446611107913,36.507995405472585,8.98394245940942,Yes
1532.0869859502684,8.57713371951769,75.18744945584066,6.169928658262757,8.5,Sandstone,0.7253753054494314,3661.2238389886425,32.54761017069642,6.167531122925391,No
1214.7236948873385,13.870374799316084,147.14942640893295,17.836322674907905,8.5,Sandstone,0.6737693800579443,3018.3114806443145,48.62132591207846,9.163597857109746,Yes
3732.6655512395396,13.796846219164467,100.75950243739605,13.297463691096231,12.25,Dolomite,0.7430135795570443,1500.6016743572557,56.46256436614705,11.007947002628693,Yes
2609.3014831926207,13.170171557123481,145.1143597596922,20.65455388549927,8.5,Sandstone,0.8761416901841665,3513.6843366995618,40.54178666533538,3.2876154367597357,No
1203.5732842691652,15.925816345651494,120.91380392670423,7.533173761794287,12.25,Sandstone,0.8171952795744454,2325.5308418153645,46.58005608578932,4.652946755847214,Yes
4482.032110094186,10.839095768227939,87.14281828861964,38.394607454987536,12.25,Shale,0.798584875943968,2300.5199603873925,49.264013858823475,11.192962153289052,Yes
1202.2319634872833,11.049788978449362,76.94722724253958,12.813939037427632,12.25,Limestone,0.7323737629293532,2457.6570303361686,42.43950533385612,11.462329004445271,Yes
3432.623301004936,9.092045522099166,87.33615416025894,37.28077214192547,17.5,Limestone,0.8013337495123307,3075.6563202102016,57.10043551098174,6.84139127117945,No
4442.876238421948,11.820986024078032,68.37156683364074,19.906260426283865,12.25,Shale,0.6097126131823224,2605.151775985558,40.8826548360353,5.745509634032976,Yes
1837.1303647557397,10.45786394676136,72.94811697089968,39.49334466393263,8.5,Limestone,0.7758716016089684,3071.588866424256,33.75032460269531,4.827818056030292,No
1497.8727904051866,11.07540026633233,69.41943963118331,24.392043421107378,17.5,Sandstone,0.7661329687797744,1866.951804089481,34.320610741550986,6.987515410909684,No
1424.847287978501,14.759288426917207,98.0649189367402,37.57915024615326,8.5,Dolomite,0.7039921295889578,3925.4111613102145,56.72572843523138,11.345311515910517,Yes
2061.4630164865844,15.516133851456217,131.6020538631828,5.187214604297799,12.25,Sandstone,0.6604542376272325,3324.01571770966,59.64024128543879,3.4980962742445545,Yes
1353.6603385372634,9.892998040038892,72.72451987947062,31.188358216331505,8.5,Sandstone,0.8422666652997903,2125.5177679459575,38.66813551715151,6.198306385472202,No
3422.564695929462,11.293816986650993,71.72883898551024,36.606772858588045,17.5,Dolomite,0.616158634336529,3310.42477018694,34.30808176964134,11.116078569574888,Yes
1218.0212934552194,15.464729215865455,117.90860545655977,9.890219844263392,17.5,Shale,0.6209018593270763,2937.5636406540984,44.46636845268628,5.491192701442519,Yes
2782.977448524264,8.96356345516917,77.74646837712596,8.364404810625302,8.5,Sandstone,0.7321565231952439,1772.9724910087866,51.285841907297936,9.680814070435371,No
4488.438988485419,9.192703960835338,68.78490342980925,19.860041251508445,8.5,Sandstone,0.6757663642225815,1945.4910669703152,48.37208724308916,5.89259786241102,No
3848.895943271066,9.72093241904672,75.01637203850198,37.67876171465273,8.5,Shale,0.8236357240521062,1603.270354803662,58.53324546247838,10.049266783230417,Yes
3153.268033808538,12.96409625595156,143.13582562890986,23.983529606665357,17.5,Sandstone,0.7902570230763573,3523.095179186703,54.53333651914885,11.810023499572086,Yes
2071.8876727531406,9.628542032544981,133.93241274985718,23.460976230260627,12.25,Sandstone,0.8317604388379894,2879.2618814880875,56.06916495192006,5.878220105752783,No
3183.635427020735,15.760572860880501,91.86581061195847,9.939414140476266,8.5,Limestone,0.6974036869013404,2291.8716216255298,46.25001476547211,10.450986545742005,Yes
2844.6451236907806,11.850358954438903,119.02386905946535,5.027632888262658,12.25,Shale,0.8221556818853603,1815.8622550705002,39.8182557999435,11.884168248403007,Yes
2491.2918436163,12.261384702626248,108.35481063012342,33.35490317609114,17.5,Sandstone,0.8586909708079197,2710.114689900948,51.05208031381737,11.838301430112542,Yes
1457.4863185906981,10.34993961854055,120.94118371343075,8.065109704518338,8.5,Sandstone,0.7035823483255715,2813.153366794847,43.171591198541854,6.337710815333081,No
4103.114753341633,12.0322018932605,121.44040372164834,27.18474365573634,8.5,Dolomite,0.70196874634855,3254.871252451263,38.632627216869736,6.8576112054915,No
2574.246270874629,13.464352244777587,116.58606135539937,37.0115759080317,17.5,Dolomite,0.8699854211719279,3924.8430261177286,34.56812057016893,5.03401561643002,No
1681.1787913726778,14.13382852715532,83.94912316835777,12.302816960545085,8.5,Dolomite,0.6149370759563128,2587.363826018437,45.83622623668687,5.140187637223651,Yes
2287.1577280705137,14.154010620324348,63.510577868653634,28.28454926829188,12.25,Sandstone,0.7050568217192533,2515.085516485923,47.82760701599756,6.924706226322353,Yes
2449.4541338512445,12.834183345205663,101.0010103791098,7.754450184762831,17.5,Sandstone,0.6356017476215412,2424.8250114753064,47.06357047962525,4.005185900643087,Yes
3896.38263448406,15.28269831245393,140.18764962216335,26.131430034316455,17.5,Dolomite,0.6086941770749928,3567.3097724171525,33.49645090300662,9.111232961549275,Yes
3567.6503319649073,14.63055885479582,111.25475326667183,10.737610233362096,8.5,Limestone,0.6338608252940466,1890.7930534980947,47.09961958616229,7.3630853475425235,Yes
3692.5671277446895,14.17786086023969,134.9151937531717,30.75837461803123,17.5,Limestone,0.7293737373540831,2359.5322590877236,35.05242320415423,10.980678571732824,Yes
1038.6094255002652,8.917041412603455,149.24619086651052,15.543095317786786,8.5,Limestone,0.8060868207683373,3312.4270121884774,49.91142496354407,10.10582433810541,Yes
2456.5389936291654,8.551584716647369,74.72545837244486,21.21868530816262,8.5,Limestone,0.6867847273325889,1539.2373383561162,42.881519899966,5.224711128461346,No
2684.7045307236326,10.093354578966046,122.2599875227784,25.98006897096676,17.5,Shale,0.8549025922203375,2223.4518090142365,55.46365763217466,7.058046230176673,No
1067.1729688806984,13.476426954350892,120.68642163300223,10.994569373318384,8.5,Dolomite,0.731284688621505,3103.6179068867746,53.34797234381337,9.50514927638774,Yes
1909.3462306076199,11.583981166619093,148.19599026224506,30.957323651616733,12.25,Sandstone,0.8904684152885232,1964.8802450020116,51.731461545499016,3.9320012747839166,No
3661.0143809274723,11.518046944744839,148.70406605575204,15.592411922288509,12.25,Dolomite,0.8862467008331101,2256.776422810678,51.022112980029064,2.3159772981758335,No
1479.8839700514968,15.134401661722103,121.80107505517165,28.183015096946374,8.5,Limestone,0.8319828668000445,2715.112686208073,46.81464118434306,10.523045263082839,Yes
2873.5854600840707,15.21672136098879,81.92533127839748,10.539906774478077,12.25,Sandstone,0.8797216488439854,2555.058914924218,31.83340728385033,3.3755025749294827,No
1753.2065520603314,15.318814480401894,131.8700254317539,29.08411807222226,8.5,Shale,0.8121288228483334,1765.0679748884472,49.66468870599003,10.894114309537064,Yes
1042.4227112536264,10.854085573862704,69.63262207899342,9.486582548366162,12.25,Dolomite,0.8686749569973544,3845.588305639081,44.00766532691146,11.136080238811445,Yes
1844.2051015983952,13.682918595544464,130.2629373754466,19.887477369449428,17.5,Sandstone,0.670942115209892,1610.731801455232,44.086641419805986,6.607004381371572,Yes
4415.558142185188,10.537248859557772,141.91765117302268,13.652212580860688,8.5,Sandstone,0.7036260600530396,3374.356891057045,41.370665863988094,10.067817123525781,Yes
3805.3798915904636,9.929573748058374,94.45500552915917,31.19313372998639,8.5,Limestone,0.8258790198014585,1678.5569277278937,57.872127445251316,5.631912463541384,No
4358.518255123618,9.884743430105269,116.75717654847725,14.17122515774061,8.5,Limestone,0.7273683714619671,2668.2395075626982,37.48353800857297,10.582645485117467,Yes
2707.4891537422686,11.065807156476955,98.71284588871437,35.86010572383887,8.5,Dolomite,0.8511982301473554,1938.5282291385276,39.49783360229339,10.246818841667169,Yes
1384.0766953712623,11.724682148348663,99.39885494893156,36.21370739923145,8.5,Shale,0.8632916614763326,1852.7444910723132,58.89122348206868,2.7851838970120237,No
2917.8582114079254,14.732118782913012,87.9333800197308,11.875446032797505,8.5,Sandstone,0.6899188454162775,1814.7449413543127,54.30461205830094,7.826017407523672,Yes
2590.320670959863,9.399183201045341,128.59166584052923,26.484608075270348,17.5,Limestone,0.8470352424568721,2631.966591738356,30.4225923648861,8.399989035967481,No
3955.249789588656,14.011943855461706,144.25589077498546,8.070117460198752,17.5,Dolomite,0.646279281319545,2788.7122734682307,57.183227995856214,2.0085729068821605,Yes
1343.289032744856,12.48591185641979,144.66757733110148,18.70379848605702,12.25,Limestone,0.7002590134610547,1833.4612338570996,36.799418964992114,11.799183187292954,Yes
2708.8439795762233,10.659590070069944,75.73031563874405,29.966260532544528,8.5,Dolomite,0.7553894853364167,3948.4893256655987,51.17797617498191,6.0656757490071085,No
1525.170326428945,12.196146883996185,138.72692846909095,28.07981363974707,12.25,Limestone,0.6679331286311676,2144.414717155558,46.592193221016466,7.173432058592131,No
2136.36574411521,10.74956552332767,126.36882972844099,26.86452342923128,12.25,Shale,0.7737803488725598,2647.1033490069576,46.10435650808352,3.9480407979302097,No
3580.7497708572987,12.970614664287295,82.75536606212603,14.888930228185526,17.5,Sandstone,0.773608523615294,2040.67389400477,51.53763970178157,8.109185775172612,No
2666.063452790683,11.75382942141433,66.0556151629363,18.230873230204068,12.25,Limestone,0.6620708684552717,2734.806613623864,36.21544415683319,10.106198662793588,Yes
2315.6089980101924,9.73304146809159,84.11975401959401,8.603115064510016,17.5,Sandstone,0.838692403465637,3390.041456162955,34.770753922992796,7.858923457197282,No
2380.6669749951234,9.374373059167725,142.0987413103373,30.165798715176035,12.25,Dolomite,0.7894933468234491,2802.755035736238,49.557378201988556,9.88035045802097,No
2608.0636894209533,12.600217615540977,116.98608074061951,22.636107887694575,8.5,Shale,0.6953281520474863,2214.1221767951383,38.71737686713987,9.311079607181668,No
3747.557903429699,15.268097749645776,124.89491948080847,29.806797132097913,12.25,Sandstone,0.6696554350410876,2120.991521834845,59.218506229732824,4.37657811527138,Yes
4122.29641129082,11.079682649182642,83.14371159981863,13.713023367890546,17.5,Limestone,0.8636250416503481,3397.3360155676337,43.5453551722402,6.358128411091541,No
4343.671402763749,13.997500804169675,124.74493400173382,16.355338002227317,17.5,Sandstone,0.8507226735673958,1795.595439315658,33.347910600208955,3.486268844364086,No
3754.161851893533,13.439960162048251,62.53093556501314,16.69753680410401,17.5,Sandstone,0.6689282024566578,2424.916236014674,50.57445498516134,2.41935875075102,Yes
2103.9241351180444,15.486661857321106,93.77892111957124,5.900984341152567,12.25,Dolomite,0.6106815679549527,1878.7067916347135,39.184778773983936,2.630689552641309,Yes
3408.4714713028975,14.657357629743556,116.4078013688098,16.936675549071822,12.25,Shale,0.8413597787229372,2144.939573236205,34.457622828642066,11.424999298728906,Yes
2531.610934193872,12.749539441790972,73.14869089871883,33.115660073131174,17.5,Shale,0.784652566579513,1881.7080812123804,42.68470088669763,11.845374591343784,Yes
1891.3471771611792,13.427728736755805,134.07032170022413,36.40544735124085,8.5,Sandstone,0.6302646084160379,3716.9312713560666,58.92666834261834,2.9497750804983998,Yes
3943.0505279907293,15.237898499380261,81.15281689307268,23.13764104725746,8.5,Sandstone,0.7762074618656686,3329.7604975325794,42.3429172916139,5.351934351720487,Yes
1134.4922213681375,11.496390884402011,118.70530015366016,20.942559332672708,12.25,Dolomite,0.7356548056085083,2902.3181151106537,40.420012971931904,3.1442068015602267,No
4156.166972473982,10.950960293933331,96.46774283177967,6.078861654477959,12.25,Sandstone,0.8323650982421075,2061.063056238833,43.335268862079126,10.342288233689692,Yes
2615.1711261865694,8.581083127263973,113.64392359298824,35.77215181548839,17.5,Dolomite,0.662725452647619,2775.567067997987,30.363471167989452,6.962970916402817,No
3230.2051688289816,14.699133056435983,69.67054973660173,5.455357469905545,12.25,Shale,0.735947023291508,2802.0830161189306,33.993046157958425,8.212617559255493,Yes
3307.7387277202397,14.507355253025237,61.52215199294466,38.066252807357415,12.25,Shale,0.646873234275575,2976.009314134765,55.490238544038235,7.399108657350062,Yes
4132.912092472878,9.283408885751136,141.86079846422712,22.12256870408317,17.5,Dolomite,0.887258168343254,1650.2128930568285,59.341032362835406,9.10253583840716,No
3228.3438875852257,12.826430358495251,84.26670078904645,16.96770727511543,17.5,Sandstone,0.8336214470775493,3932.2549279917657,34.73824456811044,5.191322433170606,No
3148.7675466602163,11.979862736251656,133.77093025024132,37.3476452194931,12.25,Shale,0.821016727950419,2663.597426500808,46.06553455160725,3.374933545300323,No
1233.282141962415,9.390318216318336,149.94152704249802,5.853684758853386,8.5,Limestone,0.8070619995062406,3816.3294352477583,58.990003014169304,2.17620002729714,No
2814.4280768082144,15.854261702955426,79.028813219902,25.34987132041805,12.25,Dolomite,0.7270009327399145,1524.520286784941,34.69744128536892,6.456928886259382,Yes
1525.5915028596457,10.110219155975166,83.865366706502,24.212638357476816,8.5,Shale,0.8769847247109435,2118.8959890882725,35.589288525073506,11.078344287914373,Yes
3581.0181905251993,9.004256350679208,119.65738088711991,12.676214042398373,8.5,Shale,0.6218751035781016,1759.988925783339,57.804490617851954,5.052665380122667,No
2792.776722844361,12.961355346264321,146.89037711405592,20.01106009725737,8.5,Shale,0.8409777215036855,3424.040443386929,51.170629393571474,3.9595682113562307,No
3380.797227229237,14.041500078497744,142.42329133716697,27.82924020803196,17.5,Limestone,0.6645698196317198,2300.312623986778,34.55900060526482,11.260427462471071,Yes
1145.855152108345,8.743325845353903,105.25879680590265,30.449591890867463,17.5,Limestone,0.6972083866901544,3601.2312710393676,41.804780133558296,3.0544863875129415,No
1296.7720561603112,13.440382290452666,131.55992542740523,5.025090054730292,17.5,Limestone,0.7558289186901925,3580.9634142896425,31.688098326441317,2.518010334158101,No
3507.131858219388,12.49218906963591,72.2171267789911,37.78987005318554,12.25,Sandstone,0.8347965033166739,3169.486982016425,42.98014601753083,10.79413174955438,Yes
1252.2951759953567,9.274487566562863,147.96943657836113,10.758388033748433,17.5,Dolomite,0.851560472296121,3164.4545088599425,53.33704483461111,9.00909381954689,No
1249.3985471784051,9.793929077097715,146.7917910632388,13.175315197782572,17.5,Sandstone,0.7751196750480375,3250.3992301828375,46.619161637583815,6.2206863813741275,No
1042.3796633221061,12.759807229870603,74.7356062091254,14.221570599284687,12.25,Limestone,0.7209106466804056,3184.4095865744366,49.42326365448609,9.52343973008841,No
4347.75489404818,10.722682101349662,86.94808123227959,6.323704779321236,12.25,Dolomite,0.8839507264209631,2467.2708942108725,39.804603966006276,9.414399520442691,No
3581.279258106524,15.53736796488487,69.01394977560902,9.306824325661372,8.5,Sandstone,0.6739563887518105,3207.069111421365,34.84187753234379,2.4006056326058296,Yes
2236.3799297572245,14.64055172113038,84.45458390083617,39.522247303045674,12.25,Sandstone,0.8409283727641906,3743.5174229808968,30.39350027320453,8.7624681206184,No
2037.8745345067932,15.876754048852472,133.4360210473686,16.032585808205013,12.25,Sandstone,0.783614886434446,2331.433729691559,54.639370329880364,8.408723774527125,Yes
2223.9613041104735,10.447531292128104,94.04840464487336,9.035538161866727,17.5,Limestone,0.7130685050655641,3862.222565537384,49.099636780373636,11.637791364163036,Yes
3711.2873591341363,15.772927245984828,67.95572704320826,8.744694141111816,8.5,Shale,0.600410395309061,1533.9539697469243,36.87963723863065,11.666226101597635,Yes
3314.7971387464504,11.734254023436684,90.8002972301014,30.181098868449016,8.5,Dolomite,0.733979790404588,2372.706345663093,42.553018802318846,5.7779932620204395,No
1648.1844875361378,11.10639096485316,148.3245000817152,34.90990324114243,12.25,Limestone,0.6830159992626897,1830.2460043218505,54.04329806184343,7.898419118882183,No
1609.3826736692952,8.87762145227015,116.67152357332827,13.993330482796445,17.5,Dolomite,0.6313039839976682,1816.5495726125591,46.161005582741566,3.4135737488837874,No
1344.3847739968905,8.89573943394702,97.4544851765542,5.731832931733224,17.5,Limestone,0.6225475696014254,3538.573735028921,39.00479629337935,2.66456525957134,No
3311.0595189546834,13.69008441959991,74.9884662147543,12.808150645587453,17.5,Sandstone,0.7042674981934806,3795.9207868753074,38.01553551512056,6.327798722589025,Yes
3675.304317776076,11.93446745825521,148.75591175553254,6.978049177886507,17.5,Sandstone,0.7844272166221946,3444.395635582464,36.52842073346477,8.898820108350105,No
1927.662499137514,10.198912195270793,133.87641083368158,8.618822782051453,12.25,Shale,0.8512557946094321,3941.5392974813994,54.7118964040251,7.677611222977269,No
1073.307363608195,13.104777297439245,85.33295722058274,20.102784194667485,17.5,Shale,0.655068973484198,2040.8224254156767,47.45581052053987,6.296569221860019,Yes
1287.6008361674958,10.396435886875834,66.30618261490704,13.04714298015714,8.5,Dolomite,0.7273931913927149,1851.999780524226,51.27471497104393,10.18112546774591,Yes
4387.510121957606,12.83223815758317,65.09630016398022,23.05810574838982,8.5,Shale,0.7175868420426457,2801.759455099034,55.803613241922406,9.94427472183747,No
2034.0567211709708,11.194065602370177,70.83403345549804,13.872281364001664,12.25,Shale,0.7540182027625547,3572.594036856545,59.605851075906486,9.319420550777613,No
3692.2810174334677,14.676641699588643,112.26917252529795,37.918805538603166,17.5,Dolomite,0.8428761812428659,1599.5977270951494,37.48450759592346,2.770322481537611,No
3186.322490989923,14.655221205750845,143.5887079084943,36.708038877419256,17.5,Limestone,0.7660935653997705,3988.914152499705,35.42707462373739,9.964696278956435,Yes
2336.7887387851356,12.08012798591801,104.7069085205386,24.838213675366312,17.5,Shale,0.8539964740506882,3005.614823013307,43.859950283818456,11.194213159947001,Yes
1719.905417684443,11.131143320012617,135.86509342105774,17.404839719558517,17.5,Limestone,0.7555655268206933,3947.3545304534437,31.052138384355974,2.594420882909165,No
1424.8524635579224,11.21919847419321,100.1297957873827,18.340140871215745,12.25,Sandstone,0.7811542095543814,2412.7040830844426,53.751536446905845,6.01671388808535,No
3152.545388136033,14.542858942511634,123.77251911910427,19.414829910057392,17.5,Shale,0.7312149727478969,2645.059551333973,56.51279996503146,11.883554897165878,Yes
3711.218232232258,10.961346120982089,125.86854635578507,30.465276274723042,12.25,Sandstone,0.8469286740886901,3380.9036059934806,50.58119096244085,7.992388584682836,No
3253.6648873939575,10.067945302801345,75.65673353130047,20.807364843159327,17.5,Sandstone,0.8771481619093958,3481.7511264032964,38.03985073690828,7.135774021274628,No
2856.057466372054,9.135162564064801,92.50944530782306,34.98554812770641,17.5,Limestone,0.7917434214369437,2082.582633375601,33.694664219663714,3.7744614746874356,No
1146.829282010727,12.000198406633062,117.35719408842215,38.04331750756276,8.5,Dolomite,0.8462347347518712,3824.5027157693066,41.46432563759665,7.654862833341699,No
4389.710721580343,12.115990741898814,66.36269473659296,16.758115368262686,12.25,Shale,0.6177010001997301,3668.5578045868215,55.0000686151576,6.39043260469453,Yes
3795.499670791011,14.806815328021804,92.53861689866609,24.624306848148805,8.5,Limestone,0.8718335254339973,1545.5132577579964,40.43483411358344,3.2744305557012305,No
2024.8771284533766,10.15929022334548,108.13195196530732,8.326978789139755,12.25,Dolomite,0.6566775200517374,1821.4202646379576,31.0276372087992,6.643326526180342,No
4429.896152755977,11.357434552512998,149.6602043740175,12.016416671822565,17.5,Sandstone,0.6769561281977423,2740.242766017668,38.22841128675395,3.643993051752605,No
3106.5855637271275,14.56304304170268,102.70802063601967,19.471301834855602,17.5,Shale,0.6159990204620238,2652.3887852829566,59.698368302271696,9.306636217260566,Yes
3038.4793037253626,14.677177080617302,133.4451081402891,12.217095056562261,12.25,Sandstone,0.8896200350922177,3270.9771375870887,50.3000626699765,11.73648366143623,Yes
3618.2561280033624,11.384583069840762,98.88605565599559,35.67961717760511,8.5,Sandstone,0.8556032548465129,1724.278440132585,57.02564489931383,6.695770484256961,No
3841.1942583154814,11.943430174650107,131.6751650357738,10.540018962068434,12.25,Shale,0.8739553812273252,3112.138266742816,53.245958025033225,8.323683319146127,No
3297.6751256602593,10.774644181369622,113.58733214580975,20.94812875435822,12.25,Dolomite,0.8541648503280045,3040.9248278364557,46.191165459798924,6.3097552476684236,No
1448.3351122817,15.494161588144841,139.79358973521585,26.19947341609565,17.5,Dolomite,0.7438591658163867,2084.0489961951107,34.46066617184941,3.3845385365700533,Yes
2183.9362709807447,9.389828243061853,96.98482971150989,29.215236785629553,8.5,Shale,0.877224580227229,2855.984910670999,40.459334350671526,11.705552864754987,Yes
4248.292741141175,15.503120672511026,114.3873977839331,18.407427940427738,12.25,Shale,0.8908418461281565,2055.518017489955,47.51220675822667,3.295786640840797,No
1786.1546414534819,13.628998388765075,116.70168125569447,35.4184674053655,8.5,Limestone,0.7507700930368193,1867.3075677515158,56.11897046195976,3.116268085135407,No
2302.584583431297,12.486791145150484,97.5644647620426,24.891170287727395,8.5,Limestone,0.6526874343986514,2932.837336635176,38.06025137594699,6.591729416713005,Yes
2512.269090304686,8.744942955883719,72.98808393187333,20.38277231566431,12.25,Sandstone,0.7975867526889283,3943.685695751426,33.63680608020689,8.58887265766932,No
2537.917463930583,12.066971438665062,68.4203466221102,7.353422191821282,8.5,Shale,0.8926314869560712,2092.3333729293627,46.76496952664452,5.549232709728912,No
3145.2885387308393,11.558110787520492,61.50043955396698,21.264131395580776,17.5,Dolomite,0.8616440579576625,2388.3403733878795,35.29503667554167,3.9251702219690303,No
4300.7654321064765,9.70914108981342,138.61808378206933,33.72575442855056,17.5,Sandstone,0.8585445528437723,2141.433064975117,48.3108530796572,10.189633680274763,Yes
1842.4244914137673,13.423072026254927,81.28274210148251,26.508935637746042,17.5,Sandstone,0.8801454050421846,2166.1495541162367,37.90564327451196,5.631033206095512,No
1425.2548170532132,15.783631805262143,79.03560743535913,34.12568588051914,17.5,Sandstone,0.8681856781657642,2510.4803354667015,36.92889012901874,3.9432097338390717,No
1691.1467145097806,12.716416082983939,126.2431860383459,22.290408470975695,8.5,Sandstone,0.8328844992054879,3254.63877662655,41.975422949666736,5.6508487750687015,No
4104.237150732443,13.860649573329594,88.80145017786526,9.146159678306864,17.5,Dolomite,0.8154818496485482,1597.0113100773629,47.79575272673837,4.14554207642791,No
3260.337844293221,9.013378394245127,105.5440223170653,5.477394604255838,12.25,Sandstone,0.6794301521234263,3892.8104892139004,46.35953018847939,7.1944773781234055,No
2000.6737623370605,11.632502468627461,74.62599587677107,15.612684135150692,17.5,Shale,0.7864020064285347,1615.6996987231187,37.34203431704942,8.682893861376993,No
3855.8142863901603,9.372688638733718,146.37711493157724,29.429666502422737,12.25,Limestone,0.7564465865117669,3703.1329548613994,56.73350023360128,9.99557377199186,No
4014.794987272026,13.095968766523828,136.64232600155137,32.65909663795928,12.25,Dolomite,0.8585832274742974,3735.9452469049975,33.29645909205603,4.275620303198659,No
3962.800185415973,15.53861618660616,137.7410660668503,15.351349211711529,17.5,Shale,0.7475137720470216,2811.2229689788082,31.184026892230058,3.669540057044455,Yes
4216.2428677384405,13.46333299353729,96.60963737148046,22.34788723091365,17.5,Shale,0.6383228290628067,1842.4920715474186,48.081188082185925,2.1960342089522014,Yes
1882.8435706067655,9.076022862358162,128.61250923364554,19.73916165519286,8.5,Shale,0.6014917455967047,2912.86492639236,33.702215041964294,4.2808776834724265,No
3642.646750611974,11.159996537388121,72.94885398508022,19.368297452299977,12.25,Limestone,0.8033619361405996,3071.5803997571243,45.146724428368834,2.2390535249779626,No
2611.88824045949,12.629975345806386,60.77571023326023,13.097204962005268,17.5,Limestone,0.7649725161381484,3644.397394517778,58.553198532288974,5.454742036890593,No
3946.9949351152154,11.524058170999393,61.797563932022534,9.772988676031044,8.5,Limestone,0.6992888713075345,2877.2384394239243,50.957408143583706,3.4569308883003664,No
3549.7173700656463,14.752330078563793,112.79415636641045,11.88409953809246,17.5,Shale,0.6506916450113671,2526.7734897583455,48.523697411932815,7.7989559822778425,Yes
3717.566062749036,14.610032535324919,100.98554147231468,6.936633550717113,17.5,Limestone,0.7400145967211706,3595.727984635285,47.24415674616842,5.837267594912731,Yes
3296.5664318837503,13.088732650774162,106.62138140176677,11.934575963825196,17.5,Sandstone,0.6300859417436717,3952.3794933815475,35.38617756598778,2.9358534107075958,Yes
1621.000693143974,11.30093458849529,60.67168263754974,5.322031416888281,12.25,Limestone,0.7008325467663429,3112.758012894833,42.97943473884313,5.998664630365941,No
2907.594216139284,10.415022803224332,98.04179576916832,26.95404402225924,17.5,Dolomite,0.7137635718706903,3685.967593257024,40.27570522100287,4.093481159678516,No
4446.344088335779,9.29405738659847,124.62613450807747,16.0731392585689,8.5,Shale,0.7396856084513886,2996.8377820726605,58.59222966666188,8.801773513401056,No
4280.858232739916,11.161732626149156,99.84243317706922,39.0600648999418,17.5,Shale,0.739986225401654,3224.4699785257644,37.26960694112175,5.644362447707399,No
1151.108075289541,11.598793879057897,125.8997285681,11.780096777170424,17.5,Sandstone,0.6771016930422832,3220.417793872297,44.14549114188154,3.4703000921514606,No
1576.8518550530298,13.568671938280552,80.97170679571514,17.103999960835786,8.5,Limestone,0.8550632944805963,3261.9674671006633,58.1423808982875,5.496017324042866,No
1461.0507070909666,13.436198682231801,133.1827804033553,17.52444055245366,8.5,Limestone,0.7066630518770236,2302.533609821584,53.675419573179454,4.243783339301855,Yes
3540.929684948534,9.025811047309427,112.95881164081071,5.2958023621861186,12.25,Dolomite,0.6688761926677549,2939.153490679281,58.93545717853269,9.95779001638386,No
3862.2486544993076,11.464444865733682,78.96867894869156,34.37227835638106,12.25,Sandstone,0.6527429650231771,2985.3389599344882,48.24990765440973,11.833675603649452,Yes
1747.2897820873518,9.863341504130215,81.30484282684496,6.1198061050513655,12.25,Dolomite,0.6967735183510007,2287.67906678308,40.013605642378025,2.2549138902976744,No
2770.4844253314013,9.676095289876043,116.52274181125833,37.906294215523445,12.25,Dolomite,0.6202658648932603,2374.6309192591593,54.799493263921775,8.900201373152818,No
3942.4605980392,14.704766123029344,134.6945633891199,36.22260228827672,8.5,Shale,0.6098722568942915,3405.616912541787,38.74368814120112,4.639578336234866,Yes
3564.8054066818772,8.814364125371931,97.40650038262396,23.743267063008723,17.5,Shale,0.7815426590408603,2956.809601543123,34.943184057356575,2.6640864386929444,No
2897.8302192214687,11.64387156926591,83.2470386214833,24.025845121895223,17.5,Limestone,0.785744140814757,1873.0278699079215,51.188664421170216,2.143513095852935,No
3066.216916605705,9.761527418248887,138.03104462195404,27.88222730346547,17.5,Limestone,0.7588764607914869,3594.0924717071807,49.168669906030786,10.810096692124272,Yes
2779.26191420698,15.094976617588555,120.23414625757513,18.546750417721043,12.25,Dolomite,0.8286855585695173,3707.785717685799,56.368467077861865,5.536065020777995,No
2041.419579615872,12.677803849562764,100.3276938554769,27.652779918924942,8.5,Limestone,0.6117451632831233,2665.3528698945356,58.85774273448152,11.94543892090604,Yes
2977.5769750065565,10.23535477282636,103.91101757513717,6.56689360409704,8.5,Dolomite,0.8807919324628404,2022.2685800573172,55.71592761673662,6.423771676302123,No
3411.098557175317,12.268204653747823,78.38308211427568,6.89166695724043,8.5,Limestone,0.6285195369771182,3869.016238512263,31.800653927648124,3.8759775177137437,Yes
4056.6302055128267,13.986147697773369,116.41223670583595,21.003064686684052,17.5,Limestone,0.8022068983180781,3705.6739112989408,49.935402989468045,9.771435685225459,No
3227.019738927368,15.685885066895754,92.28682594885998,24.236780538711223,12.25,Shale,0.6400189766822427,2110.9543658545963,53.54197238592137,11.264922163672987,Yes
3663.925379651053,10.153345031840642,149.60806590069143,36.073617411753666,8.5,Shale,0.8639716299923377,1738.9843407567434,59.4578617305053,10.15621030775491,Yes
1560.2507223410055,15.146363290970088,103.2165163735699,8.66312218677637,12.25,Shale,0.7532139860835094,2601.6340188727672,41.23983898537901,9.451992340275277,Yes
2615.4511604692643,15.507280856256177,103.72970455706519,33.792677451786126,8.5,Shale,0.6246880623053928,3190.992466234349,35.096447618134434,5.346996945191685,Yes
1032.6606693948265,15.373154083990496,110.92666086696048,12.351656805222436,12.25,Sandstone,0.7850172338100221,1938.4714630498602,55.587991853916634,2.644903638950427,Yes
1863.3760258256807,13.265607676464324,142.50804028068723,18.792927697851113,8.5,Shale,0.6027329831646605,2783.03164607937,39.52400230897666,4.012993485600898,Yes
3542.616002895517,13.223654908260308,132.07362898737753,16.08108521895945,12.25,Sandstone,0.8328066535320734,2563.5387356812917,47.94605687381576,6.468102542474011,No
4471.334829722772,11.52407974887867,100.60170628180572,19.005434550288964,8.5,Shale,0.7951754959938371,3726.377871923664,41.69684292639,11.56199870014404,Yes
1347.1233485552557,14.14298411727841,124.68293393755164,10.267342432540495,8.5,Limestone,0.6637874248090522,2573.9165820178214,42.06978770275984,9.228541796753541,Yes
2405.230105514509,12.48470513763199,112.76119489026854,22.624952604124424,12.25,Dolomite,0.7124252748528281,2834.4409843375943,51.97393437532355,10.282830451682473,Yes
3800.2483904470582,13.580785534212207,104.31303438311241,33.057490644097854,12.25,Limestone,0.6023420083466671,3888.2154900045557,40.84425376019816,4.77293896906476,Yes
1714.1247212011458,11.713434278865966,77.30841955059155,20.453690363261394,17.5,Limestone,0.8081051444913615,2249.2294146864115,50.792253389114606,8.838230274535032,No
2942.7973225580017,13.986223480323542,101.75426371094018,22.17147515643697,12.25,Sandstone,0.6968004412529157,2222.4773298548535,30.429853663569062,10.624381433779964,Yes
3565.749536103862,14.683536382034118,82.12367283203172,34.706865484846,8.5,Shale,0.7714766745890158,3498.9876998551067,39.73942170011628,6.794115148965846,Yes
3155.9490759106266,9.598271924521121,142.33579348664892,29.712034012331078,8.5,Dolomite,0.8870182883743389,2193.8474653599214,39.57132094060988,6.2989186023075865,No
1658.0865711539564,14.746972866806711,90.18661321467123,22.165904298192466,12.25,Dolomite,0.6898400138842755,3579.6646751830126,52.46505857690151,9.194045134317786,Yes
2243.845990400088,12.552223988427304,145.7037613080035,14.019347686621288,17.5,Shale,0.8970713652261955,1738.8390234041124,39.43671348076884,7.599116862447463,No
3743.27124569889,14.834994318176683,107.974976108524,35.97243613957383,12.25,Sandstone,0.7898185158022699,1778.153118273671,48.99981397095249,11.931710831940439,Yes
2939.792799462058,11.73476279755761,116.83899408085443,25.195714059169543,8.5,Sandstone,0.6726265998856514,3753.308435406929,50.655732063235945,6.251028007285616,No
1018.3036474001946,11.342803640372763,108.8646400040395,12.740166353874269,8.5,Sandstone,0.7310333649063774,2852.0307062060883,49.752766325913456,3.7594327732498662,No
3663.4676600983285,15.362955493879168,71.64425552700308,14.419191342330363,17.5,Dolomite,0.8221359367150769,3297.035666735597,48.09881043145994,6.719350527863129,Yes
1123.5897422908367,10.38376950661301,93.82390971071469,33.10965811276861,12.25,Sandstone,0.7339433723049243,2063.222229656361,42.40850548048184,4.352049930977314,No
3610.0682395593126,14.831592439646073,68.92315010498615,6.545094673060941,8.5,Sandstone,0.6205522702024657,1915.6859209552708,41.19914933051432,7.61253820794501,Yes
1708.681960578331,12.130154293820532,116.06586397650435,39.7232265460087,8.5,Dolomite,0.6505810984147626,3587.3856555816005,46.93752175127669,3.2579699243794584,Yes
4353.257180417831,12.355715819134447,100.21867756803951,9.562308790017713,8.5,Dolomite,0.8373893237351837,2396.558517558122,31.911093074529788,11.49976273549186,Yes
2287.7926295572956,10.81351211117113,130.0186474413843,32.862398388892814,12.25,Limestone,0.7945119227154184,2637.5815478049863,56.274595261545784,10.59822881540161,Yes
2144.2606571832766,12.797816504642618,79.84234328994329,18.8171360870089,12.25,Dolomite,0.7709476431996402,1569.9297431883974,54.7594542909103,3.555653971088704,No
1521.1081761635564,10.939083972071584,74.81094525864015,22.22756641506134,17.5,Shale,0.6502865912266204,2464.701835482416,40.39154151111569,3.723929227470097,No
2069.6147542157523,8.794520606812393,96.56990078673911,35.82277021126022,8.5,Dolomite,0.8513272336051019,3426.094520312446,47.00457370156894,7.124386744880165,No
4068.277666398702,10.53998954008267,143.3926844896543,19.451891635622463,8.5,Dolomite,0.888222032875875,3553.1879432154233,57.9668309455339,9.728813870417252,No
4487.1701816953655,8.54784282554943,123.93796335111705,23.812281378563206,17.5,Sandstone,0.6122661292472008,3246.8869722063546,38.1491039223629,4.190793356675295,No
2289.083356773969,15.837660902926425,97.70312623136269,6.725488184320948,8.5,Limestone,0.6234095611961565,3230.4493338593556,52.2736580308456,2.6097171955953185,Yes
2570.1372083408987,15.743104073648105,106.55449527788795,5.08216158536086,17.5,Sandstone,0.8654173509943694,2765.598166492895,32.481954219630154,7.455342765826151,No
3527.2482837095795,11.463664731042288,67.57917100593885,13.567995555060406,17.5,Limestone,0.8446656762096385,2845.823323149558,45.70116442412913,8.9159711410201,No
4101.685231627761,13.962781407547345,148.6118306738502,28.820408252156856,8.5,Sandstone,0.7853803366533881,3356.5793670328585,56.519073883418926,4.44365491292717,No
3075.6551696537445,11.093545738078188,119.9766574225427,9.244271267569784,12.25,Shale,0.8834895626958414,2118.254497069307,46.55127852447221,9.397677877506382,No
2370.3399436224026,13.53319867814482,85.68636616170802,8.98166855815923,12.25,Sandstone,0.7939291733976009,2078.79267061514,48.487584805113045,11.506437849446087,Yes
2444.1764429701834,14.540725322844843,112.72275547937198,19.383621281256616,12.25,Sandstone,0.664795582718851,3874.8120597851366,57.22917879928632,3.3707444268547286,Yes
3434.663512738824,15.600671835191806,69.85341294620946,27.67429635128793,12.25,Shale,0.8185926971150701,1569.2247168969384,51.46081920149409,7.1102906530869525,Yes
1011.2639226149754,11.50159206887254,146.92530019268253,29.922519728677567,8.5,Shale,0.7937131034236912,1848.6636591629538,50.87609040672797,2.568419506815826,No
3168.5626811094426,14.374734872170357,75.73064890950293,11.245773593443118,17.5,Dolomite,0.8957234106030089,2925.83106550312,47.59152066278695,4.066610072307156,No
2244.225536544751,10.49446337974089,118.32272862496927,7.785585158021486,17.5,Sandstone,0.6641687209124375,3344.5870967458713,48.98965842577255,2.8981935346107326,No
3779.690659469795,15.927492278452362,82.09090162850374,37.91389618809405,8.5,Shale,0.7793654809087797,2844.7277074625295,54.11116272049852,6.040066230802025,Yes
1325.4672393809626,8.693271990732633,124.58052443836822,14.12332338967356,12.25,Shale,0.8340502566675367,2387.6599904122104,59.37699249891733,10.208317903747576,Yes
3058.707934319367,13.026466048758408,129.9139230516253,34.86712741630534,17.5,Dolomite,0.7016949268014512,3944.940298382419,53.85976062024564,7.771304505217813,Yes
2683.405114601433,13.446294862384953,120.60777560202894,35.22220076619864,8.5,Limestone,0.7139038749294713,3259.6317128321143,51.22610494880989,4.225848371654307,Yes
3248.139340668296,13.660341678055966,115.30495142296732,32.03829071168906,8.5,Shale,0.8663705514984963,3578.4771026676976,34.06634650834545,2.401106470957231,No
1226.9875806903892,9.402906840918167,140.32221845568105,10.909176232839954,12.25,Shale,0.7212584638826645,1600.61718547051,54.5124116232508,7.53398195286753,No
3029.94325599846,15.538973376048478,67.07640398907823,33.76305107389701,8.5,Sandstone,0.7874198555686843,2089.800276183459,52.07983102196109,3.32796714990571,Yes
2965.196057858333,9.85887459287562,89.78232892021757,31.923769573455534,17.5,Dolomite,0.8667714412580476,2435.42773397895,53.112965862037015,5.427340273637572,No
2962.3103304565984,13.170650524298807,82.34587316677613,25.885304653717597,17.5,Sandstone,0.6629479749271684,1956.5034952056951,36.93289434729936,7.10192258913606,Yes
3112.206833087592,10.170070593423137,148.92125658588793,16.80207123091335,8.5,Limestone,0.8945631889057817,1682.248181772868,57.10331089622783,11.037325356861924,Yes
3367.637780292268,10.804123127659532,95.04508017001862,14.187801149329044,17.5,Dolomite,0.8105860601910977,2062.7291614867004,32.91844105040587,2.81823327088717,No
3817.4614988826943,12.598439062960932,125.93514293163588,9.266122422812565,8.5,Sandstone,0.7488365082424334,2834.0890780926065,37.6083616707584,8.686075922668305,No
1944.37252044875,11.628950639234324,121.62526474929041,22.8414973415305,17.5,Shale,0.7292761693052993,3239.363120891763,49.89070314973205,2.140812855048785,No
3887.672935630217,9.701692007323796,79.087311372964,25.48413064284463,12.25,Shale,0.8863093846654514,3435.0523074127022,50.21143391493045,8.299085523602958,No
2743.894887922088,9.782023018156362,81.50979121903961,17.57686466805255,17.5,Dolomite,0.6617174482588999,1607.3403871692926,39.399736989024746,7.5153248933059364,No
1269.7039769701591,11.636085911220997,85.31561071977308,21.6375673688304,12.25,Shale,0.6935049770537884,2569.965430531478,51.045593313354445,10.118666200900677,Yes
1204.9282523539273,14.179622337066256,97.00145504334412,17.723006007924333,12.25,Sandstone,0.6923378266643774,1805.5289589634183,41.63791612964616,7.316624728644793,Yes
2169.834115436213,15.234734851358414,81.08925590854741,27.435212006224543,8.5,Dolomite,0.6867019004203391,2578.0009661116796,30.005265475737698,5.526165997261375,Yes
3747.1394198901367,9.130957466945372,61.7686334472163,36.54407227287972,12.25,Shale,0.7405614135647067,2584.9396228007377,34.87818396862151,4.427508713282266,No
3476.8832715932053,11.448279306695508,139.1453751126476,10.73720917164307,17.5,Shale,0.8967537699803501,2745.529216780609,56.47854825654523,2.85249741782073,No
3760.1523763534224,9.251841727921574,146.90488482427958,18.34930834660932,17.5,Limestone,0.8666360300148652,3732.0765656580984,36.680820351882566,7.346126742964312,No
2810.4416975456325,8.624443604744485,90.74133483284112,9.930401138280146,12.25,Limestone,0.6983848704964458,3512.738756560224,33.38731016576628,10.883219266485685,Yes
2540.6964928442167,13.462890119829675,90.46561914829256,26.87303196427412,8.5,Dolomite,0.7268610347190413,3091.8021128409796,50.466018177995835,7.147444939556895,Yes
1516.083843471994,13.018370814749408,60.63826314969339,30.51046783210085,12.25,Limestone,0.8008442239157794,3713.5183073338267,43.22119327229208,9.391028574658923,No
2148.6746376325905,9.722643353611646,121.22256194973366,37.616945640910956,17.5,Sandstone,0.6051455042089842,3196.1715412615586,53.89772809192933,4.984349382175756,No
2519.0677816085636,10.253596248197981,134.28959061737658,14.760517419133771,17.5,Shale,0.8460460976056944,3547.137401907688,55.843348036973644,6.4813085987476775,No
1310.1015038786604,8.677808152333888,73.19474703240029,38.25739220529005,12.25,Shale,0.8639394171935759,2909.4457524603167,55.379666321616945,5.246032034459314,No
1772.1418344892395,14.762104042708028,74.36997144304357,7.214193513723618,12.25,Shale,0.8571601002973602,2813.0456290772518,39.390276575906796,3.092661113548974,No
3093.788529223086,15.810179470364137,131.1074924974294,26.105485217760585,12.25,Dolomite,0.7125163160656609,3310.243106930962,45.16637813904492,6.169886032835049,Yes
3574.8208998371642,9.515946525960182,115.46616735187303,6.999645177016549,17.5,Dolomite,0.7385998522092625,1549.2232799393778,49.504252039408925,9.642872318372163,No
4494.216289875323,10.236064103239736,64.03745018649454,36.28209657166807,17.5,Limestone,0.6037164965711267,3225.9439290785585,39.659492618523714,5.949749995445172,No
4265.896659702452,15.013071429602006,116.02922914160536,23.543316997451893,17.5,Shale,0.7198186044130652,3836.2955460109115,31.232979460590546,8.501792222182672,Yes
3248.9781983731705,15.448478484671387,87.80259505593895,28.427192276697863,8.5,Shale,0.7381280467099804,3284.855199566885,44.86993146890757,9.586154840508602,Yes
2474.368186529252,11.647205371051077,93.18526399237614,34.105087406865835,17.5,Shale,0.8720922879205436,1591.9843107430463,30.38455000396781,5.2273622721632265,No
3226.6207764788146,8.879668542018056,129.27582764671922,10.260871786938907,17.5,Shale,0.8681963021271742,2444.7141019318096,58.519368741778415,9.975145596054768,No
3749.780663280812,8.795438752696146,132.98416734053495,6.350704667834685,8.5,Shale,0.8898291192263729,3523.953255678215,53.90050938219079,5.389257169697096,No
1414.1766682318557,12.804623995517577,96.03209641558476,35.76084010694983,8.5,Sandstone,0.8655314955271561,3896.52137511105,35.76029329570784,4.561070604604561,No
2434.667113937009,11.446713316698842,145.24376424057192,16.022662961062636,8.5,Shale,0.6024602128282937,2425.4083890909433,38.62715246675785,4.224461677598651,Yes
3939.30799972466,8.714893206832409,96.5816446156865,9.514261777450784,8.5,Sandstone,0.7924382556996659,3602.9851396922704,59.48515644058315,3.999041457248393,No
2343.4153317656537,12.874392942344176,129.4652431707099,21.396143298048028,8.5,Shale,0.6204713049309122,3659.5246882537826,41.20645662423913,9.371240728133968,Yes
3001.5529492951528,8.58476902441767,103.54895381078332,25.94071264936066,8.5,Dolomite,0.6817782859139956,1808.215998315125,53.51167072301677,10.875092610569176,Yes
3057.192763017694,14.405289686119549,140.77790938698757,6.083971119787854,12.25,Dolomite,0.7734922888411742,3614.4711667967185,43.40446405257763,4.306484741852892,Yes
1645.6668859677377,10.798246170275288,141.6985119285161,14.62134803899807,12.25,Sandstone,0.8101841455222617,2310.6247390965377,55.9228777230183,2.8524029779615394,No
2267.8240457830093,8.801935022569241,67.86751270839754,6.1479955996913604,12.25,Shale,0.7963896077751286,2983.0943039135436,51.11260524484527,5.137669762884384,No
2170.7895105967627,12.91264165737365,144.2843998179203,19.711738621842464,12.25,Dolomite,0.6147175102225929,2847.4052983910524,30.68730179673478,8.578472389213587,Yes
1091.6884798622268,11.48263310824791,134.29813573683742,36.32850101731855,17.5,Dolomite,0.6310811608708656,3157.6346593403014,38.831696578177116,5.685200922260389,No
1084.6711736197433,15.80350310017862,131.21796428814002,39.39283440227492,8.5,Shale,0.638576043879382,3351.1616273618256,46.73976944680358,7.491765392112188,Yes
3910.9396528652073,12.581489968777767,78.08202057169702,27.296664372626964,17.5,Shale,0.6274243130309073,2602.20274404645,57.78522132209261,9.443049656751953,Yes
1955.7478349048433,10.564293857777562,132.46072878791983,10.657319282460714,8.5,Dolomite,0.6534703269807967,3720.777055372831,33.06089683924471,6.084785311550485,No
2813.275681835854,13.82079148475481,136.5119461216533,36.704728649975706,8.5,Shale,0.8065463373934678,3523.746053903903,48.03487613133201,11.996948313711949,Yes
2045.5395075607057,10.536190019070336,86.02353010087359,23.068673812002118,17.5,Limestone,0.8492511753477459,3463.5527316196494,39.065301942379726,4.979492602355025,No
4292.3773579036915,15.281824685556739,145.70340705260912,10.381225923602134,12.25,Shale,0.722644167022023,2645.617104835729,56.67983346058321,11.78248351872617,Yes
1907.5386560302081,11.310414778805324,64.48741317592479,37.26043343080815,17.5,Dolomite,0.8078344519285031,1593.9322146115253,52.955088289755395,4.030296652331139,No
2503.798844586273,12.62401422082154,73.49183279224258,31.511416775308604,17.5,Dolomite,0.660004878379748,2730.6410159473608,41.09108166027856,3.109317432642898,Yes
4054.5558766961067,8.879298278681716,108.3823024246363,30.609684545310305,8.5,Sandstone,0.8919840454900225,3746.1138353604574,35.013094917258414,9.50830625094368,No
3946.7674837713303,11.695909284641731,111.82132240100788,29.821324632804163,8.5,Limestone,0.7049992568572855,1976.1253890187973,30.344939171918934,9.023096566511981,No
1651.3549624619704,14.742726547457462,118.0635074970813,12.01189373837548,8.5,Dolomite,0.8537600718614505,3956.4811800264697,48.63403352015846,10.111693472424644,Yes
3809.2515842849866,14.542366040225065,61.52722163839198,12.385234209763412,12.25,Limestone,0.8836099117888161,3519.2265500329286,42.18371422893731,5.435904217333049,No
2603.654103582624,10.182389191401446,146.43300971599172,29.090254944953926,17.5,Shale,0.8594141888625907,3274.574480705162,39.44269478582307,11.308076538529837,Yes
2690.3910522987435,10.19559303257922,64.01292834607295,12.690296253863892,17.5,Dolomite,0.6201202954620867,3192.899894805802,59.565068749105066,3.1948142837307882,No
1467.1799034558032,14.629789841599276,72.87557574510622,20.35350938810671,12.25,Sandstone,0.7950921471921768,2967.5647048344063,43.98426406680945,2.3027710133112613,Yes
1282.1052981499363,15.47798815126994,61.26130657734513,32.37006389578795,17.5,Dolomite,0.6360272119714654,3301.67580812283,52.495178509362724,5.005638851119715,Yes
3547.787574408178,9.215206909547527,111.01725899646851,32.43833813342444,17.5,Sandstone,0.601698900157739,2554.763890548301,35.32237251753709,9.973244634002505,No
2737.614033243549,11.875439795696689,143.90401955288752,20.864162038405087,8.5,Limestone,0.6155350331829202,3613.220270050324,30.403657732254413,8.729823072736481,Yes
2528.9774591531286,11.030907092231718,119.93524494724178,32.72664783963358,12.25,Sandstone,0.8748447589341173,3240.864890238202,42.52687858344048,6.362087642226231,No
3553.2788002833886,15.030163415930794,134.03917216323845,34.35176286693199,8.5,Shale,0.8725390542781182,3428.132780948873,49.969945048279854,4.5625361419433546,No
3679.295146468884,9.12643686010014,61.19530831127221,27.917151294949107,12.25,Shale,0.6677473163292101,3481.218555414949,45.19796088550378,2.592727867679772,No
1556.1785868427373,10.08344456918528,108.78137686317535,12.994904830794706,8.5,Shale,0.7641183644395879,1730.1751142722565,56.71398772873173,5.375055784474725,No
3135.7880231717445,14.143512531898708,101.36066797549697,14.590412313494163,17.5,Dolomite,0.8865084786797779,1639.1019317193447,43.01938053561494,6.600197677547496,No
1473.7392879718993,8.884703867359116,104.90711497987138,16.01944043930574,12.25,Shale,0.7490118389090288,3502.4646712118397,39.33008439459274,8.870238380712053,No
3629.8128011016597,12.19401535535717,66.49918668016691,9.088143770688319,12.25,Shale,0.7180733460437274,2148.4600525956157,57.48146028622931,8.45971954946431,No
3299.3430469349883,11.815802760097899,121.59918249623767,14.56058671294808,8.5,Dolomite,0.7449746082133873,2954.924518779536,42.204068359031425,11.473449029318779,Yes
4348.151173792103,11.008008842415615,105.2898373372771,12.333172850938624,12.25,Limestone,0.8370647284655832,2609.2771380474655,38.08943584918835,3.0039591905286107,No
1241.3530572474742,11.459292364891928,128.86339648751374,20.936506243301075,17.5,Shale,0.7431832897599706,1555.0980091690856,32.92983230430241,5.363401228791364,No
1199.6915240293902,12.474554401976746,103.67615706555438,36.79531417552927,17.5,Shale,0.8349833043847108,1600.7031454156786,53.79929319647462,6.8157808193689835,No
1987.6547614262004,9.710255187912873,73.44434726037889,8.656811086388533,17.5,Dolomite,0.7295092336922799,3567.813105696989,54.75274382393529,8.706957938539892,No
